query,source,url,date,candidate,result,classification,notes
"Bash local: python -c ""import idc_index_data, pandas as pd; print(idc_index_data.__version__)"" -> ModuleNotFoundError (pacote nao instalado nesta maquina; censo nao reproduzido localmente neste arm)",outra,,2026-09-06,,consulta registrada,,"ARM 2 — Canal ""Analysis Results"" do IDC: reanotacao de exame"
"WebFetch https://learn.canceridc.dev/data/analysis-results -> HTTP 404, pagina nao existe",outra,https://learn.canceridc.dev/data/analysis-results,2026-09-06,,consulta registrada,,"ARM 2 — Canal ""Analysis Results"" do IDC: reanotacao de exame"
"WebSearch: ""BAMF AIMI annotations TCIA analysis result AI-generated segmentations reviewed by radiologist structures list""",TCIA,,2026-09-06,,consulta registrada,,"ARM 2 — Canal ""Analysis Results"" do IDC: reanotacao de exame"
"WebFetch https://www.nature.com/articles/s41597-024-03977-8 -> 303 redirect para idp.nature.com (paywall/SSO), nao seguido",outra,https://www.nature.com/articles/s41597-024-03977-8,2026-09-06,,consulta registrada,,"ARM 2 — Canal ""Analysis Results"" do IDC: reanotacao de exame"
"WebFetch https://zenodo.org/records/10081112 (BAMF AIMI v1: estruturas, colecoes, licenca, proveniencia)",Zenodo,https://zenodo.org/records/10081112,2026-09-06,,consulta registrada,,"ARM 2 — Canal ""Analysis Results"" do IDC: reanotacao de exame"
WebFetch https://zenodo.org/records/13244892 (BAMF AIMI v2: mesma pergunta + esofago sim/nao),Zenodo,https://zenodo.org/records/13244892,2026-09-06,,consulta registrada,,"ARM 2 — Canal ""Analysis Results"" do IDC: reanotacao de exame"
"WebSearch: ""\""Imaging Data Commons\"" analysis results list \""nnU-Net BPR\"" OR \""body part regression\"" OR \""NLST TotalSegmentator\"" segmentations license""",outra,,2026-09-06,,consulta registrada,,"ARM 2 — Canal ""Analysis Results"" do IDC: reanotacao de exame"
"WebFetch https://zenodo.org/records/7975081 (nnU-Net-BPR: estruturas, colecoes, licenca, humano vs IA)",Zenodo,https://zenodo.org/records/7975081,2026-09-06,,consulta registrada,,"ARM 2 — Canal ""Analysis Results"" do IDC: reanotacao de exame"
"WebFetch https://zenodo.org/records/17401360 (comparacao multi-modelo NLST: organs, GT humano?, licenca)",Zenodo,https://zenodo.org/records/17401360,2026-09-06,,consulta registrada,,"ARM 2 — Canal ""Analysis Results"" do IDC: reanotacao de exame"
WebFetch https://portal.imaging.datacommons.cancer.gov/collections/ (1a passada: localizar analysis results por nome),IDC,https://portal.imaging.datacommons.cancer.gov/collections/,2026-09-06,,consulta registrada,,"ARM 2 — Canal ""Analysis Results"" do IDC: reanotacao de exame"
"WebFetch https://portal.imaging.datacommons.cancer.gov/collections/ (2a passada: enumerar TODAS as 24 analysis results, com path e n)",IDC,https://portal.imaging.datacommons.cancer.gov/collections/,2026-09-06,,consulta registrada,,"ARM 2 — Canal ""Analysis Results"" do IDC: reanotacao de exame"
"WebSearch: ""Krishnaswamy Bontempi Clunie Fedorov \""AI-derived annotations\"" NLST NSCLC-Radiomics Scientific Data esophagus nnU-Net no human correction""",outra,,2026-09-06,,consulta registrada,,"ARM 2 — Canal ""Analysis Results"" do IDC: reanotacao de exame"
WebFetch https://portal.imaging.datacommons.cancer.gov/analysis_results/TotalSegmentator-CT-Segmentations,IDC,https://portal.imaging.datacommons.cancer.gov/analysis_results/TotalSegmentator-CT-Segmentations,2026-09-06,,consulta registrada,,"ARM 2 — Canal ""Analysis Results"" do IDC: reanotacao de exame"
WebFetch https://portal.imaging.datacommons.cancer.gov/analysis_results/NLSTSeg,IDC,https://portal.imaging.datacommons.cancer.gov/analysis_results/NLSTSeg,2026-09-06,,consulta registrada,,"ARM 2 — Canal ""Analysis Results"" do IDC: reanotacao de exame"
WebFetch https://portal.imaging.datacommons.cancer.gov/analysis_results/QIN-LungCT-Seg,IDC,https://portal.imaging.datacommons.cancer.gov/analysis_results/QIN-LungCT-Seg,2026-09-06,,consulta registrada,,"ARM 2 — Canal ""Analysis Results"" do IDC: reanotacao de exame"
WebFetch https://portal.imaging.datacommons.cancer.gov/analysis_results/RIDER-LungCT-Seg,IDC,https://portal.imaging.datacommons.cancer.gov/analysis_results/RIDER-LungCT-Seg,2026-09-06,,consulta registrada,,"ARM 2 — Canal ""Analysis Results"" do IDC: reanotacao de exame"
WebFetch https://portal.imaging.datacommons.cancer.gov/analysis_results/Lung-PET-CT-Dx-Annotations,IDC,https://portal.imaging.datacommons.cancer.gov/analysis_results/Lung-PET-CT-Dx-Annotations,2026-09-06,,consulta registrada,,"ARM 2 — Canal ""Analysis Results"" do IDC: reanotacao de exame"
WebFetch https://portal.imaging.datacommons.cancer.gov/analysis_results/nnU-Net-BPR-annotations,IDC,https://portal.imaging.datacommons.cancer.gov/analysis_results/nnU-Net-BPR-annotations,2026-09-06,,consulta registrada,,"ARM 2 — Canal ""Analysis Results"" do IDC: reanotacao de exame"
WebFetch https://portal.imaging.datacommons.cancer.gov/analysis_results/NLST-Sybil,IDC,https://portal.imaging.datacommons.cancer.gov/analysis_results/NLST-Sybil,2026-09-06,,consulta registrada,,"ARM 2 — Canal ""Analysis Results"" do IDC: reanotacao de exame"
WebFetch https://portal.imaging.datacommons.cancer.gov/analysis_results/EAY131-Tumor-Annotations,IDC,https://portal.imaging.datacommons.cancer.gov/analysis_results/EAY131-Tumor-Annotations,2026-09-06,,consulta registrada,,"ARM 2 — Canal ""Analysis Results"" do IDC: reanotacao de exame"
WebFetch https://portal.imaging.datacommons.cancer.gov/analysis_results/DICOM-LIDC-IDRI-Nodules,IDC,https://portal.imaging.datacommons.cancer.gov/analysis_results/DICOM-LIDC-IDRI-Nodules,2026-09-06,,consulta registrada,,"ARM 2 — Canal ""Analysis Results"" do IDC: reanotacao de exame"
WebFetch https://zenodo.org/records/8347011 -> ECONNRESET; repetido em https://zenodo.org/record/8347011 -> OK,Zenodo,https://zenodo.org/records/8347011,2026-09-06,,consulta registrada,,"ARM 2 — Canal ""Analysis Results"" do IDC: reanotacao de exame"
WebFetch https://zenodo.org/records/13900142 (release ampliada TotalSegmentator para IDC),Zenodo,https://zenodo.org/records/13900142,2026-09-06,,consulta registrada,,"ARM 2 — Canal ""Analysis Results"" do IDC: reanotacao de exame"
"WebFetch https://arxiv.org/abs/2306.00150 (so abstract, insuficiente)",arXiv,https://arxiv.org/abs/2306.00150,2026-09-06,,consulta registrada,,"ARM 2 — Canal ""Analysis Results"" do IDC: reanotacao de exame"
WebFetch https://arxiv.org/pdf/2306.00150 (PDF 4.6MB salvo localmente),arXiv,https://arxiv.org/pdf/2306.00150,2026-09-06,,consulta registrada,,"ARM 2 — Canal ""Analysis Results"" do IDC: reanotacao de exame"
"Bash local: pypdf sobre webfetch-1788716280466-v55s47.pdf, regex por 'esophag|oncologist|review|correct|licen|Dice|SegTHOR' -> refutou duas afirmacoes falsas do resumo automatico",outra,,2026-09-06,,consulta registrada,,"ARM 2 — Canal ""Analysis Results"" do IDC: reanotacao de exame"
WebFetch https://raw.githubusercontent.com/wasserth/TotalSegmentator/master/resources/totalsegmentator_snomed_mapping.csv -> HTTP 404,GitHub,https://raw.githubusercontent.com/wasserth/TotalSegmentator/master/resources/totalsegmentator_snomed_mapping.csv,2026-09-06,,consulta registrada,,"ARM 2 — Canal ""Analysis Results"" do IDC: reanotacao de exame"
WebFetch https://raw.githubusercontent.com/wasserth/TotalSegmentator/master/README.md (lista de classes do task 'total'),GitHub,https://raw.githubusercontent.com/wasserth/TotalSegmentator/master/README.md,2026-09-06,,consulta registrada,,"ARM 2 — Canal ""Analysis Results"" do IDC: reanotacao de exame"
"WebFetch https://www.nature.com/articles/s41597-023-02864-y.pdf -> 303 redirect para idp.nature.com, nao seguido",outra,https://www.nature.com/articles/s41597-023-02864-y.pdf,2026-09-06,,consulta registrada,,"ARM 2 — Canal ""Analysis Results"" do IDC: reanotacao de exame"
"WebSearch: ""TCIA \""TotalSegmentator-CT-Segmentations\"" NLST analysis result 104 structures esophagus DICOM SEG license CC BY""",TCIA,,2026-09-06,,consulta registrada,,"ARM 2 — Canal ""Analysis Results"" do IDC: reanotacao de exame"
WebFetch https://arxiv.org/pdf/2512.15921 (PDF 8MB salvo localmente; resumo automatico falhou),arXiv,https://arxiv.org/pdf/2512.15921,2026-09-06,,consulta registrada,,"ARM 2 — Canal ""Analysis Results"" do IDC: reanotacao de exame"
"Bash local: pypdf sobre webfetch-1788716402557-x6ivjx.pdf, regex por 'esophag|expert|manual|ground truth|radiolog|licen' -> 0 ocorrencias de 'esophag'",outra,,2026-09-06,,consulta registrada,,"ARM 2 — Canal ""Analysis Results"" do IDC: reanotacao de exame"
"WebSearch: ""SegTHOR challenge dataset 40 patients esophagus heart trachea aorta access license CodaLab download registration terms""",outra,,2026-09-06,,consulta registrada,,"ARM 2 — Canal ""Analysis Results"" do IDC: reanotacao de exame"
"WebFetch https://www.cancerimagingarchive.net/analysis-result/eay131-tumor-annotations/ (anotadores, estruturas, licenca, DOI)",TCIA,https://www.cancerimagingarchive.net/analysis-result/eay131-tumor-annotations/,2026-09-06,,consulta registrada,,"ARM 2 — Canal ""Analysis Results"" do IDC: reanotacao de exame"
,IDC,https://portal.imaging.datacommons.cancer.gov/analysis_results/TotalSegmentator-CT-Segmentations,2026-09-06,TotalSegmentator-CT-Segmentations (IDC analysis result sobre NLST),"licenca=CC BY 4.0 (declarada no registro Zenodo  | identidade=COMPLETA (4/4): case_id, StudyInstanceUI | humano=NAO. Saida automatica do TotalSegmentato",F,"NEGATIVO PERFEITO, confirmado exatamente como a hipotese previa. Tem tudo que um dataset auditavel pede — CC BY 4.0, DICOM nativo com StudyInstanceUID e SeriesInstanceUID (as 4 identidades da Fase 19)"
,IDC,https://portal.imaging.datacommons.cancer.gov/analysis_results/nnU-Net-BPR-annotations,2026-09-06,nnU-Net-BPR-annotations (IDC analysis result sobre NLST + NSCLC-Radiomics),"licenca=CC BY 4.0 (registro Zenodo 7975081 / 747 | identidade=COMPLETA (4/4): DICOM SEG + SR no IDC, c | humano=NAO. Zero mencao de revisao ou correcao ",F,"Contem esofago toracico com ontologia certa (SNOMED 32849002, Organ), em DICOM SEG, CC BY 4.0, 985 sujeitos — mas a mascara e saida do nnU-Net v1 Task055_SegTHOR sem revisao humana. Recusa dura. Alem "
,IDC,https://portal.imaging.datacommons.cancer.gov/analysis_results/EAY131-Tumor-Annotations,2026-09-06,EAY131-Tumor-Annotations (NCI-MATCH),licenca=CC BY 4.0 (declarada para anotacoes e im | identidade=COMPLETA (4/4): RTSTRUCT/SEG DICOM no ID | humano=SIM — equipe internacional de radiologis,"E — alvo errado + anotacao ASSISTIDA POR ALGORITMO + licenca das imagens UNKNOWN (reclassificado de C — 'unico item que merece verificacao', humano=SIM)","Tres rebaixamentos independentes, cada um suficiente. (1) Alvo: protocolo RECIST/PERCIST, no maximo 2 lesoes por orgao, zero mencao a orgao-em-risco — confirmado por leitura propria. (2) Procedencia: "
,IDC,https://portal.imaging.datacommons.cancer.gov/analysis_results/BAMF-AIMI-Annotations,2026-09-06,BAMF-AIMI-Annotations (v1 Zenodo 10081112 e v2 Zenodo 13244892),licenca=CC BY 4.0 (declarada nos dois registros  | identidade=COMPLETA (4/4) em DICOM SEG no IDC — irr | humano=PARCIAL e insuficiente: ~10% revisado/co,E,"Descartado por AUSENCIA DE ALVO, antes mesmo da questao de provenance: nenhuma versao inclui esofago (v1: mama, rim, figado, pulmao/nodulo, prostata; v2 acrescenta cerebro e colon). Mesmo se incluisse"
,IDC,https://portal.imaging.datacommons.cancer.gov/analysis_results/NLSTSeg,2026-09-06,NLSTSeg / NLST-Sybil / Lung-PET-CT-Dx-Annotations (as tres reanotacoes HUMANAS toracicas do canal),"licenca=UNKNOWN — nao declarada nas paginas do p | identidade=COMPLETA (4/4) — DICOM SEG/SR no IDC | humano=SIM, expert — mas de lesao/tumor, nunca ",E,"Sao exatamente o padrao que a Fase 11 procurava — segundo grupo reanotando exames publicos, com expert humano, em DICOM, com identidade completa. E mesmo assim inuteis: TODAS anotam LESAO. NLSTSeg = s"
,arXiv,https://arxiv.org/pdf/1912.05950,2026-09-06,"SegTHOR (ISBI 2019) — lead externo ao canal, herdado por rastreio de proveniencia",licenca=UNKNOWN — nao lida na fonte primaria. In | identidade=PARCIAL (2/4) provavel — distribuicao em | humano=SIM — anotacao manual por radio-oncologi,D,"Apareceu por rastreio: e a fonte do GT que treinou o nnU-Net usado no IDC. Bate o alvo com precisao rara — esofago TORACICO, contorno MANUAL por radio-oncologista seguindo criterios RTOG, junto com co"
"WebSearch: ""Imaging Data Commons IDC DICOM UID persistence across versions StudyInstanceUID SeriesInstanceUID""",IDC,,2026-09-06,,consulta registrada,,ARM 4 — Quais canais preservam identidade: o que TCIA/IDC re
"WebSearch: ""TCIA de-identification knowledge base DICOM tags removed remapped policy""",TCIA,,2026-09-06,,consulta registrada,,ARM 4 — Quais canais preservam identidade: o que TCIA/IDC re
"WebSearch: ""TCIA NBIA Data Retriever md5hashes.csv checksum verify downloaded files""",TCIA,,2026-09-06,,consulta registrada,,ARM 4 — Quais canais preservam identidade: o que TCIA/IDC re
"WebSearch: ""canceridc.dev IDC downloading data manifest s5cmd checksum crc32c md5 integrity""",IDC,,2026-09-06,,consulta registrada,,ARM 4 — Quais canais preservam identidade: o que TCIA/IDC re
"WebSearch: ""IDC BigQuery dicom_all \""instance_hash\"" OR \""instance_size\"" crdc_instance_uuid schema auxiliary_metadata""",IDC,,2026-09-06,,consulta registrada,,ARM 4 — Quais canais preservam identidade: o que TCIA/IDC re
"WebSearch: ""TCIA REST API v2 getSeries ImageCount getSeriesSize getSOPInstanceUIDs documentation""",TCIA,,2026-09-06,,consulta registrada,,ARM 4 — Quais canais preservam identidade: o que TCIA/IDC re
"WebSearch: ""Zenodo REST API file checksum md5 record files documentation""",Zenodo,,2026-09-06,,consulta registrada,,ARM 4 — Quais canais preservam identidade: o que TCIA/IDC re
"WebSearch: ""Imaging Data Commons converted DICOM segmentations new UIDs generated \""analysis results\"" provenance nifti to DICOM""",outra,,2026-09-06,,consulta registrada,,ARM 4 — Quais canais preservam identidade: o que TCIA/IDC re
"WebSearch: ""IDC \""Imaging Data Commons\"" data ingestion \""as is\"" instances revised corrected non-conformance changed between versions release notes""",IDC,,2026-09-06,,consulta registrada,,ARM 4 — Quais canais preservam identidade: o que TCIA/IDC re
"WebSearch: ""dcm2niix BIDS sidecar JSON SeriesInstanceUID StudyInstanceUID anonymize \""-ba\"" option""",outra,,2026-09-06,,consulta registrada,,ARM 4 — Quais canais preservam identidade: o que TCIA/IDC re
"WebFetch: https://wiki.cancerimagingarchive.net/display/Public/Submission+and+De-identification+Overview — prompt: perfil de confidencialidade aplicado; tratamento de Study/Series/SOPInstanceUID (removido, retido ou remapeado); remapeamento de PatientID; tratamento de datas",TCIA,https://wiki.cancerimagingarchive.net/display/Public/Submission+and+De-identification+Overview,2026-09-06,,consulta registrada,,ARM 4 — Quais canais preservam identidade: o que TCIA/IDC re
"WebFetch: https://wiki.cancerimagingarchive.net/display/Public/De-identification+Knowledge+Base — prompt: quais tags removidas/retidas/modificadas, tratamento de UID, links para o dicionario de private tags",TCIA,https://wiki.cancerimagingarchive.net/display/Public/De-identification+Knowledge+Base,2026-09-06,,consulta registrada,,ARM 4 — Quais canais preservam identidade: o que TCIA/IDC re
WebFetch: https://learn.canceridc.dev/data/data-versioning — prompt: versionamento do IDC; UIDs DICOM preservados entre versoes?; identificadores estaveis (crdc_instance_uuid),IDC,https://learn.canceridc.dev/data/data-versioning,2026-09-06,,consulta registrada,,ARM 4 — Quais canais preservam identidade: o que TCIA/IDC re
"WebFetch: https://learn.canceridc.dev/data/data-versioning — prompt (2a passada, verbatim): citar palavra por palavra toda frase com DICOM UID / SOPInstanceUID / StudyInstanceUID / SeriesInstanceUID e o que acontece quando uma instancia e revisada",outra,https://learn.canceridc.dev/data/data-versioning,2026-09-06,,consulta registrada,,ARM 4 — Quais canais preservam identidade: o que TCIA/IDC re
"WebFetch: https://learn.canceridc.dev/data/organization-of-data/guids-and-uuids — prompt: o que sao CRDC GUIDs/UUIDs, relacao com UIDs DICOM, persistencia/resolucao, especificidade de versao",outra,https://learn.canceridc.dev/data/organization-of-data/guids-and-uuids,2026-09-06,,consulta registrada,,ARM 4 — Quais canais preservam identidade: o que TCIA/IDC re
"WebFetch: https://learn.canceridc.dev/portal/cohort-manifests — prompt: quais campos/colunas os manifestos IDC contem; incluem SOPInstanceUID/SeriesInstanceUID/StudyInstanceUID, checksums, tamanhos, contagens?",IDC,https://learn.canceridc.dev/portal/cohort-manifests,2026-09-06,,consulta registrada,,ARM 4 — Quais canais preservam identidade: o que TCIA/IDC re
WebFetch: https://learn.canceridc.dev/data/organization-of-data — prompt: como o IDC organiza dados; armazenamento DICOM original; declaracao sobre modificar ou regerar arquivos/UIDs,IDC,https://learn.canceridc.dev/data/organization-of-data,2026-09-06,,consulta registrada,,ARM 4 — Quais canais preservam identidade: o que TCIA/IDC re
"WebFetch: https://raw.githubusercontent.com/ImagingDataCommons/IDC-Docs/prod/data/organization-of-data/bigquery-tables.md — prompt: descricoes de schema de instance_hash, instance_size, crdc_instance_uuid, crdc_series_uuid, crdc_study_uuid, gcs_url, SOPInstanceUID, SeriesInstanceUID, StudyInstanceUI",IDC,https://raw.githubusercontent.com/ImagingDataCommons/IDC-Docs/prod/data/organization-of-data/bigquery-tables.md,2026-09-06,,consulta registrada,,ARM 4 — Quais canais preservam identidade: o que TCIA/IDC re
"WebFetch: https://wiki.cancerimagingarchive.net/display/NBIA/8.1+Downloading+Images+Using+the+NBIA+Data+Retriever — prompt: md5hashes.csv, verificacao de checksum, conteudo do manifesto .tcia, contagem de arquivos por serie, organizacao de pastas",TCIA,https://wiki.cancerimagingarchive.net/display/NBIA/8.1+Downloading+Images+Using+the+NBIA+Data+Retriever,2026-09-06,,consulta registrada,,ARM 4 — Quais canais preservam identidade: o que TCIA/IDC re
"WebFetch: https://wiki.cancerimagingarchive.net/display/Public/NBIA+Search+REST+API+Guide — prompt: endpoints e nomes exatos de campos retornados; getSeries (ImageCount?), getSeriesSize, getSOPInstanceUIDs, getPatient, getStudy; algum endpoint retorna checksum/hash",TCIA,https://wiki.cancerimagingarchive.net/display/Public/NBIA+Search+REST+API+Guide,2026-09-06,,consulta registrada,,ARM 4 — Quais canais preservam identidade: o que TCIA/IDC re
"WebFetch: https://dicom.nema.org/medical/dicom/current/output/chtml/part03/sect_C.8.8.5.html — prompt: nomes e tags exatos na hierarquia Referenced Frame of Reference Sequence; RT Referenced Study Sequence; RT Referenced Series Sequence; Series Instance UID (0020,000E) aparece ali?",outra,https://dicom.nema.org/medical/dicom/current/output/chtml/part03/sect_C.8.8.5.html,2026-09-06,,consulta registrada,,ARM 4 — Quais canais preservam identidade: o que TCIA/IDC re
WebFetch: https://dicom.nema.org/medical/dicom/current/output/chtml/part03/sect_C.8.8.6.html — prompt: ROI Contour Module; nomes e tags exatos de Contour Image Sequence e Referenced SOP Class UID / Referenced SOP Instance UID,outra,https://dicom.nema.org/medical/dicom/current/output/chtml/part03/sect_C.8.8.6.html,2026-09-06,,consulta registrada,,ARM 4 — Quais canais preservam identidade: o que TCIA/IDC re
"WebFetch: https://idc-index.readthedocs.io/en/latest/indices_reference.html — prompt: colunas da tabela index principal; SeriesInstanceUID, StudyInstanceUID, PatientID, SOPInstanceUID, instanceCount, series_size_MB, crdc_series_uuid, coluna md5/hash?",IDC,https://idc-index.readthedocs.io/en/latest/indices_reference.html,2026-09-06,,consulta registrada,,ARM 4 — Quais canais preservam identidade: o que TCIA/IDC re
"WebFetch: https://idc-index.readthedocs.io/en/latest/column_descriptions.html — prompt: colunas do indice idc-index (pagina substituida, redirecionada para indices_reference)",IDC,https://idc-index.readthedocs.io/en/latest/column_descriptions.html,2026-09-06,,consulta registrada,,ARM 4 — Quais canais preservam identidade: o que TCIA/IDC re
"WebFetch: https://github.com/rordenlab/dcm2niix/blob/master/BIDS/README.md — prompt: citar verbatim sobre anonimizacao, SeriesInstanceUID, StudyInstanceUID e quais campos sao excluidos do sidecar JSON BIDS por padrao",GitHub,https://github.com/rordenlab/dcm2niix/blob/master/BIDS/README.md,2026-09-06,,consulta registrada,,ARM 4 — Quais canais preservam identidade: o que TCIA/IDC re
WebFetch: https://wiki.cancerimagingarchive.net/display/Public/TCIA+API+Guide — HTTP 404 (ver lacunas),TCIA,https://wiki.cancerimagingarchive.net/display/Public/TCIA+API+Guide,2026-09-06,,consulta registrada,,ARM 4 — Quais canais preservam identidade: o que TCIA/IDC re
WebFetch: https://raw.githubusercontent.com/ImagingDataCommons/IDC-Docs/prod/data/organization-of-data/data-versioning.md — HTTP 404 (ver lacunas),IDC,https://raw.githubusercontent.com/ImagingDataCommons/IDC-Docs/prod/data/organization-of-data/data-versioning.md,2026-09-06,,consulta registrada,,ARM 4 — Quais canais preservam identidade: o que TCIA/IDC re
"WebFetch: https://learn.canceridc.dev/data/organization-of-data/data-versioning — HTTP 404, URL canonica e /data/data-versioning (ver lacunas)",outra,https://learn.canceridc.dev/data/organization-of-data/data-versioning,2026-09-06,,consulta registrada,,ARM 4 — Quais canais preservam identidade: o que TCIA/IDC re
WebFetch: https://manpages.ubuntu.com/manpages//focal/man1/dcm2niix.1.html — HTTP 503 (ver lacunas),outra,https://manpages.ubuntu.com/manpages//focal/man1/dcm2niix.1.html,2026-09-06,,consulta registrada,,ARM 4 — Quais canais preservam identidade: o que TCIA/IDC re
"curl AO VIVO: https://zenodo.org/api/records/1261813 — inspecao de metadados de registro (doi, conceptdoi, license)",Zenodo,https://zenodo.org/api/records/1261813,2026-09-06,,consulta registrada,,ARM 4 — Quais canais preservam identidade: o que TCIA/IDC re
"curl AO VIVO: https://zenodo.org/api/records/1261813/files — inspecao de campos de arquivo: confirmou ""checksum"": ""md5:..."", size, file_id, version_id",Zenodo,https://zenodo.org/api/records/1261813/files,2026-09-06,,consulta registrada,,ARM 4 — Quais canais preservam identidade: o que TCIA/IDC re
curl AO VIVO: https://huggingface.co/api/datasets/mnist/tree/main?recursive=true — retornou redirecionamento para ylecun/mnist,HuggingFace,https://huggingface.co/api/datasets/mnist/tree/main?recursive=true,2026-09-06,,consulta registrada,,ARM 4 — Quais canais preservam identidade: o que TCIA/IDC re
"curl AO VIVO: https://huggingface.co/api/datasets/ylecun/mnist/tree/main?recursive=true — confirmou lfs.oid (sha256), oid git (sha1), xetHash, size por arquivo",HuggingFace,https://huggingface.co/api/datasets/ylecun/mnist/tree/main?recursive=true,2026-09-06,,consulta registrada,,ARM 4 — Quais canais preservam identidade: o que TCIA/IDC re
curl AO VIVO: https://api.figshare.com/v2/articles/1314459 — confirmou supplied_md5 e computed_md5 por arquivo,Figshare,https://api.figshare.com/v2/articles/1314459,2026-09-06,,consulta registrada,,ARM 4 — Quais canais preservam identidade: o que TCIA/IDC re
"curl AO VIVO: https://services.cancerimagingarchive.net/nbia-api/services/v1/getSeries?Collection=LCTSC&Modality=RTSTRUCT — confirmou SeriesInstanceUID, StudyInstanceUID, PatientID, ImageCount, FileSize, LicenseName, LicenseURI, CollectionURI por serie",TCIA,https://services.cancerimagingarchive.net/nbia-api/services/v1/getSeries?Collection=LCTSC&Modality=RTSTRUCT,2026-09-06,,consulta registrada,,ARM 4 — Quais canais preservam identidade: o que TCIA/IDC re
curl + grep local: https://raw.githubusercontent.com/ImagingDataCommons/IDC-Docs/prod/data/data-release-notes.md (92.991 bytes) — grep -i 'UID|reconvert|hash|checksum'; achou a linha 593 sob a secao 'v19 - September 2024',IDC,https://raw.githubusercontent.com/ImagingDataCommons/IDC-Docs/prod/data/data-release-notes.md,2026-09-06,,consulta registrada,,ARM 4 — Quais canais preservam identidade: o que TCIA/IDC re
,TCIA,https://wiki.cancerimagingarchive.net/display/NBIA/8.1+Downloading+Images+Using+the+NBIA+Data+Retriever,2026-09-06,CANAL: TCIA / NBIA — download DICOM direto (Data Retriever + REST API),"licenca=VARIA POR SERIE — a API retorna LicenseN | identidade=case_id (PatientID), study_id (StudyInst | humano=N/A — canal, nao dataset. O canal transp",A,"NOTA: a letra aqui classifica o CANAL quanto a identidade entregue, nao a admissibilidade de um dataset. Entrega DICOM com PatientID, StudyInstanceUID, SeriesInstanceUID e SOPInstanceUID intactos no a"
,web,https://learn.canceridc.dev/data/organization-of-data/bigquery-tables,2026-09-06,CANAL: NCI Imaging Data Commons (IDC) — buckets GCS/AWS + BigQuery dicom_all,"licenca=VARIA POR SERIE — coluna license_short_n | identidade=case_id (PatientID), study_id (StudyInst | humano=N/A — canal, nao dataset. O IDC hospeda ",A,"Melhor canal auditavel dos testados, com UMA ressalva grave. Entrega tudo do TCIA MAIS: md5 publicado em cinco niveis (instance/series/study/patient/collection), instance_size em bytes, crdc_*_uuid ve"
,web,https://learn.canceridc.dev/portal/cohort-manifests,2026-09-06,CANAL: manifesto exportado do portal IDC (s5cmd / CSV / BigQuery),"licenca=Nao consta no manifesto s5cmd/CSV. Tem q | identidade=case_id, study_id, series_id, instance_u | humano=N/A — canal, nao dataset.",B,"Entrega PatientID, collection_id, StudyInstanceUID, SeriesInstanceUID, source_DOI, study_uuid, series_uuid, instance_uuid e gcs_url — mas SOPInstanceUID so na exportacao para BigQuery, e NENHUM checks"
,Zenodo,https://zenodo.org/api/records/1261813/files,2026-09-06,"CANAL: Zenodo (DOI versionado, arquivos NIfTI/ZIP)","licenca=Declarada pelo depositante no campo meta | identidade=case_id (derivado de nome de arquivo, co | humano=N/A — canal. Depende inteiramente do dat",D,"Verificado AO VIVO: a API entrega checksum md5 por arquivo, size, file_id e version_id (UUIDs internos), DOI de versao e DOI de conceito. Integridade e citabilidade sao BOAS. O que se perde e a identi"
,Figshare,https://api.figshare.com/v2/articles/1314459,2026-09-06,CANAL: Figshare,"licenca=Declarada pelo depositante nos metadados | identidade=case_id (nome de arquivo, convencao do p | humano=N/A — canal.",D,"Verificado AO VIVO: entrega supplied_md5 E computed_md5 por arquivo — dois campos independentes, cuja divergencia e por si so um achado de procedencia (o depositante declarou um hash, o repositorio ca"
,HuggingFace,https://huggingface.co/api/datasets/ylecun/mnist/tree/main?recursive=true,2026-09-06,CANAL: HuggingFace Datasets (Git-LFS),"licenca=Campo license no card do dataset, declar | identidade=case_id (nome de arquivo/caminho), sha25 | humano=N/A — canal. Risco adicional: e o canal ",D,"UNICO canal nao-DICOM testado que publica SHA-256 NATIVAMENTE — verificado ao vivo: arquivos LFS trazem lfs.oid (sha256 do conteudo pelo padrao git-lfs), alem de oid git (sha1) e xetHash. Para o campo"
,GitHub,https://github.com/rordenlab/dcm2niix/blob/master/BIDS/README.md,2026-09-06,CANAL: NIfTI convertido com dcm2niix em configuracao padrao (qualquer host),licenca=N/A — e uma ferramenta de conversao. A l | identidade=case_id (o que o publicador colocou no n | humano=N/A — ferramenta.,F,"Este nao e um repositorio, e a CAUSA RAIZ da perda medida na Fase 19. O dcm2niix, por padrao (-ba y), classifica SeriesInstanceUID (0020,000E) e StudyInstanceUID (0020,000D) como informacao privada e "
"WebFetch — https://www.cancerimagingarchive.net/collection/pediatric-ct-seg/ (licenca exata, DOI, n de sujeitos, quem anotou, estruturas, protocolo, data usage policy)",TCIA,https://www.cancerimagingarchive.net/collection/pediatric-ct-seg/,2026-09-06,,consulta registrada,,ARM 1 — Fase 20 — As tres colecoes DICOM restantes do censo 
"WebFetch — https://www.cancerimagingarchive.net/collection/4d-lung/ (licenca exata, DOI, n de sujeitos/estudos/series, RTSTRUCT e quem contornou, estruturas, protocolo)",TCIA,https://www.cancerimagingarchive.net/collection/4d-lung/,2026-09-06,,consulta registrada,,ARM 1 — Fase 20 — As tres colecoes DICOM restantes do censo 
"WebSearch — ""TCIA collection NCI-MATCH EAY131 cancerimagingarchive license DOI""",TCIA,,2026-09-06,,consulta registrada,,ARM 1 — Fase 20 — As tres colecoes DICOM restantes do censo 
WebFetch — https://www.cancerimagingarchive.net/collection/nci-match-eay131/ (HTTP 404 — URL inexistente),TCIA,https://www.cancerimagingarchive.net/collection/nci-match-eay131/,2026-09-06,,consulta registrada,,ARM 1 — Fase 20 — As tres colecoes DICOM restantes do censo 
"WebFetch — https://www.cancerimagingarchive.net/collection/eay131/ (licenca, DOI, modalidades, quem anotou, o que e anotado)",TCIA,https://www.cancerimagingarchive.net/collection/eay131/,2026-09-06,,consulta registrada,,ARM 1 — Fase 20 — As tres colecoes DICOM restantes do censo 
"WebSearch — ""Jordan 'Pediatric chest-abdomen-pelvis and abdomen-pelvis CT images with expert organ contours' Medical Physics 2022 esophagus structures list""",outra,,2026-09-06,,consulta registrada,,ARM 1 — Fase 20 — As tres colecoes DICOM restantes do censo 
"WebFetch — https://wiki.cancerimagingarchive.net/pages/viewpage.action?pageId=89096588 (wiki legado Pediatric-CT-SEG: licenca, tabela de contornos, qualificacao dos anotadores, QA)",TCIA,https://wiki.cancerimagingarchive.net/pages/viewpage.action?pageId=89096588,2026-09-06,,consulta registrada,,ARM 1 — Fase 20 — As tres colecoes DICOM restantes do censo 
WebFetch — https://pubmed.ncbi.nlm.nih.gov/35067940/ (bloqueado por aviso de cookies — sem conteudo),PubMed,https://pubmed.ncbi.nlm.nih.gov/35067940/,2026-09-06,,consulta registrada,,ARM 1 — Fase 20 — As tres colecoes DICOM restantes do censo 
"WebSearch — ""Pediatric-CT-SEG 359 'expert organ contours' contour names table esophagus PMC full text""",outra,,2026-09-06,,consulta registrada,,ARM 1 — Fase 20 — As tres colecoes DICOM restantes do censo 
"WebSearch — ""4D-Lung TCIA Hugo 'organs at risk' contoured structures esophagus RTSTRUCT 20 patients""",TCIA,,2026-09-06,,consulta registrada,,ARM 1 — Fase 20 — As tres colecoes DICOM restantes do censo 
"WebFetch — https://services.cancerimagingarchive.net/nbia-api/services/v1/getModalityValues?Collection=EAY131&format=json (API publica NBIA/TCIA, somente leitura)",TCIA,https://services.cancerimagingarchive.net/nbia-api/services/v1/getModalityValues?Collection=EAY131&format=json,2026-09-06,,consulta registrada,,ARM 1 — Fase 20 — As tres colecoes DICOM restantes do censo 
WebFetch — https://aapm.onlinelibrary.wiley.com/doi/abs/10.1002/mp.15485 (HTTP 403 Forbidden),outra,https://aapm.onlinelibrary.wiley.com/doi/abs/10.1002/mp.15485,2026-09-06,,consulta registrada,,ARM 1 — Fase 20 — As tres colecoes DICOM restantes do censo 
"WebFetch — https://www.cancerimagingarchive.net/analysis-result/eay131-tumor-annotations/ (licenca, DOI, n de sujeitos, quem anotou, criterio de anotacao)",TCIA,https://www.cancerimagingarchive.net/analysis-result/eay131-tumor-annotations/,2026-09-06,,consulta registrada,,ARM 1 — Fase 20 — As tres colecoes DICOM restantes do censo 
WebFetch — https://europepmc.org/article/MED/35067940 (timeout de 60s),Europe PMC,https://europepmc.org/article/MED/35067940,2026-09-06,,consulta registrada,,ARM 1 — Fase 20 — As tres colecoes DICOM restantes do censo 
WebFetch — https://api.imaging.datacommons.cancer.gov/v1/collections (HTTP 410 Gone),IDC,https://api.imaging.datacommons.cancer.gov/v1/collections,2026-09-06,,consulta registrada,,ARM 1 — Fase 20 — As tres colecoes DICOM restantes do censo 
"WebFetch — https://api.semanticscholar.org/graph/v1/paper/DOI:10.1002/mp.15485?fields=title,abstract,year,venue,openAccessPdf (abstract integral + link PMC aberto)",outra,https://api.semanticscholar.org/graph/v1/paper/DOI:10.1002/mp.15485?fields=title,2026-09-06,,consulta registrada,,ARM 1 — Fase 20 — As tres colecoes DICOM restantes do censo 
"WebFetch — https://pmc.ncbi.nlm.nih.gov/articles/PMC9090951/ (texto integral Jordan 2022: Tabela 2, metodo de contorno, QA, licenca)",PubMed,https://pmc.ncbi.nlm.nih.gov/articles/PMC9090951/,2026-09-06,,consulta registrada,,ARM 1 — Fase 20 — As tres colecoes DICOM restantes do censo 
WebFetch — https://api.imaging.datacommons.cancer.gov/v2/collections (HTTP 410 Gone),IDC,https://api.imaging.datacommons.cancer.gov/v2/collections,2026-09-06,,consulta registrada,,ARM 1 — Fase 20 — As tres colecoes DICOM restantes do censo 
WebFetch — https://services.cancerimagingarchive.net/nbia-api/services/v1/getModalityValues?Collection=EAY131-Tumor-Annotations&format=json (retornou array vazio),TCIA,https://services.cancerimagingarchive.net/nbia-api/services/v1/getModalityValues?Collection=EAY131-Tumor-Annotations&format=json,2026-09-06,,consulta registrada,,ARM 1 — Fase 20 — As tres colecoes DICOM restantes do censo 
"WebSearch — ""'EAY131' tumor annotations TCIA RTSTRUCT ROI naming lesion 'organ' segmentation methodology Jordan Rozenfeld""",TCIA,,2026-09-06,,consulta registrada,,ARM 1 — Fase 20 — As tres colecoes DICOM restantes do censo 
WebFetch — https://services.cancerimagingarchive.net/nbia-api/services/v1/getPatient?Collection=4D-Lung&format=json (enumeracao dos 20 PatientId distintos),TCIA,https://services.cancerimagingarchive.net/nbia-api/services/v1/getPatient?Collection=4D-Lung&format=json,2026-09-06,,consulta registrada,,ARM 1 — Fase 20 — As tres colecoes DICOM restantes do censo 
"WebFetch — https://api.semanticscholar.org/graph/v1/paper/DOI:10.1002/mp.12059?fields=title,abstract,year,venue,openAccessPdf,externalIds (abstract integral Hugo 2017 + PMC aberto)",outra,https://api.semanticscholar.org/graph/v1/paper/DOI:10.1002/mp.12059?fields=title,2026-09-06,,consulta registrada,,ARM 1 — Fase 20 — As tres colecoes DICOM restantes do censo 
"WebFetch — https://pmc.ncbi.nlm.nih.gov/articles/PMC5912888/ (texto integral Hugo 2017: estruturas, quem delineou, protocolo, n de 4DCT por paciente)",PubMed,https://pmc.ncbi.nlm.nih.gov/articles/PMC5912888/,2026-09-06,,consulta registrada,,ARM 1 — Fase 20 — As tres colecoes DICOM restantes do censo 
"WebFetch — https://pmc.ncbi.nlm.nih.gov/articles/PMC5912888/ (segunda passada, citacoes verbatim sobre propagacao por registro rigido e ajuste manual)",PubMed,https://pmc.ncbi.nlm.nih.gov/articles/PMC5912888/,2026-09-06,,consulta registrada,,ARM 1 — Fase 20 — As tres colecoes DICOM restantes do censo 
WebFetch — https://services.cancerimagingarchive.net/nbia-api/services/v1/getPatientStudy?Collection=4D-Lung&PatientID=100_HM10395&format=json (confirmacao de StudyInstanceUID publico),TCIA,https://services.cancerimagingarchive.net/nbia-api/services/v1/getPatientStudy?Collection=4D-Lung&PatientID=100_HM10395&format=json,2026-09-06,,consulta registrada,,ARM 1 — Fase 20 — As tres colecoes DICOM restantes do censo 
"WebFetch — https://www.cancerimagingarchive.net/data-usage-policies-and-restrictions/ (politica de uso, atribuicao, redistribuicao, licenca por colecao)",TCIA,https://www.cancerimagingarchive.net/data-usage-policies-and-restrictions/,2026-09-06,,consulta registrada,,ARM 1 — Fase 20 — As tres colecoes DICOM restantes do censo 
WebFetch — https://www.cancerimagingarchive.net/analysis-result/eay131-tumor-annotations/ (segunda passada: Data Access table com 15.799 series e split RTSTRUCT/SEG),TCIA,https://www.cancerimagingarchive.net/analysis-result/eay131-tumor-annotations/,2026-09-06,,consulta registrada,,ARM 1 — Fase 20 — As tres colecoes DICOM restantes do censo 
,TCIA,https://www.cancerimagingarchive.net/collection/pediatric-ct-seg/,2026-09-06,Pediatric-CT-SEG (Pediatric Chest/Abdomen/Pelvic CT Exams with Expert Organ Contours),"licenca=CC BY 4.0, declarada na Data Access tabl | identidade=DICOM nativo: PatientID, StudyInstanceUI | humano=SIM. 'Four expert medical analysts retro",C,"Melhor das tres em licenca, GT e identidade — e reprovada na ONTOLOGIA. Licenca CC BY 4.0 verificada na Data Access table da propria colecao; GT manual humano por quatro analistas especialistas no Pro"
,TCIA,https://www.cancerimagingarchive.net/collection/4d-lung/,2026-09-06,4D-Lung (4D Lung Imaging of NSCLC Patients),"licenca=CC BY 3.0, declarada na Data Access tabl | identidade=DICOM nativo: PatientID, StudyInstanceUI | humano=SIM, com ressalva de proveniencia. 'A si","C — mantida a classe, mas atributo GT reescrito: desenho manual CONFIRMADO na fase-semente; ANOTADOR E QUALIFICACAO = UNKNOWN; supervisao por radio-oncologista declarada APENAS para 4DCT; 4DCBCT sem declaracao de supervisao (reclassificado de C — GT humano SIM, 'delineado por radio-oncologista', com ressalva de propagacao por registro rigido)","Verifiquei as duas frases no PMC5912888. 'supervised delineation' e o unico dado sobre autoria; ninguem e identificado como executor. Somado a: anotador unico sem segundo leitor, sem atlas, e fases pr"
,TCIA,https://www.cancerimagingarchive.net/collection/eay131/,2026-09-06,EAY131 / NCI-MATCH Screening Trial (+ EAY131-Tumor-Annotations),licenca=Imagem: CC BY 4.0 (DOI 10.7937/C5KE-YX42 | identidade=DICOM nativo com todos os UIDs publicos  | humano=SIM para as lesoes ('An international te,F,"REJEICAO DURA, por motivo novo e verificavel. Nao existe RTSTRUCT clinico de orgao de risco nesta colecao: TODO o RTSTRUCT indexado sob eay131 e o analysis result de anotacao de TUMOR. Prova em duas p"
"WebSearch: ""RTOG atlas organs at risk thoracic esophagus Kong 2011 IJROBP consideration of dose limits""",outra,,2026-09-06,,consulta registrada,,"ARM 5 — Ensaios de radioterapia (NRG/RTOG, NCTN, TROG, EORTC"
"WebSearch: ""TCIA collection RTOG 0617 NSCLC-Cetuximab RTSTRUCT license data usage""",TCIA,,2026-09-06,,consulta registrada,,"ARM 5 — Ensaios de radioterapia (NRG/RTOG, NCTN, TROG, EORTC"
WebFetch: https://www.ncbi.nlm.nih.gov/pmc/articles/PMC3933280/ (redirecionou 301),PubMed,https://www.ncbi.nlm.nih.gov/pmc/articles/PMC3933280/,2026-09-06,,consulta registrada,,"ARM 5 — Ensaios de radioterapia (NRG/RTOG, NCTN, TROG, EORTC"
"WebFetch: https://pmc.ncbi.nlm.nih.gov/articles/PMC3933280/ — prompt: limites cranial/caudal do esofago, parede+lumen, grupos autores, mencao a RTOG 1106",PubMed,https://pmc.ncbi.nlm.nih.gov/articles/PMC3933280/,2026-09-06,,consulta registrada,,"ARM 5 — Ensaios de radioterapia (NRG/RTOG, NCTN, TROG, EORTC"
"WebFetch: https://www.cancerimagingarchive.net/collection/nsclc-cetuximab/ — prompt: licenca verbatim, DOI, acesso, n de pacientes, modalidades, autoria dos contornos",TCIA,https://www.cancerimagingarchive.net/collection/nsclc-cetuximab/,2026-09-06,,consulta registrada,,"ARM 5 — Ensaios de radioterapia (NRG/RTOG, NCTN, TROG, EORTC"
"WebSearch: ""RTOG 1106 protocol esophagus contouring atlas cranial caudal cricoid gastroesophageal junction OAR definition""",outra,,2026-09-06,,consulta registrada,,"ARM 5 — Ensaios de radioterapia (NRG/RTOG, NCTN, TROG, EORTC"
"WebSearch: ""SegTHOR challenge segmentation thoracic organs at risk esophagus 40 patients license CHRU Nancy dataset""",outra,,2026-09-06,,consulta registrada,,"ARM 5 — Ensaios de radioterapia (NRG/RTOG, NCTN, TROG, EORTC"
"WebSearch: ""TCIA collection radiotherapy thoracic RTSTRUCT esophagus organs at risk CC BY public \""RT structure\"" lung trial""",TCIA,,2026-09-06,,consulta registrada,,"ARM 5 — Ensaios de radioterapia (NRG/RTOG, NCTN, TROG, EORTC"
"API TCIA NBIA (curl GET): https://services.cancerimagingarchive.net/nbia-api/services/v1/getSeries?Modality=RTSTRUCT&format=csv — HTTP 200, 36.971.981 bytes, 67.844 linhas. ATENCAO: excedeu o teto de 20 MB desta fase (ver lacunas). Arquivo apagado apos agregacao.",TCIA,https://services.cancerimagingarchive.net/nbia-api/services/v1/getSeries?Modality=RTSTRUCT&format=csv,2026-09-06,,consulta registrada,,"ARM 5 — Ensaios de radioterapia (NRG/RTOG, NCTN, TROG, EORTC"
"WebFetch: https://arxiv.org/abs/1912.05950 — prompt: anotadores do SegTHOR, instituicao, formato, protocolo, licenca",arXiv,https://arxiv.org/abs/1912.05950,2026-09-06,,consulta registrada,,"ARM 5 — Ensaios de radioterapia (NRG/RTOG, NCTN, TROG, EORTC"
"Agregacao local (python/csv) do CSV acima: contagem por (Collection, LicenseName); perfil de BodyPartExamined/SeriesDescription/ThirdPartyAnalysis para S0819, AHOD0831, CALGB50303, A091105, EAY131, 4D-Lung, RIDER Lung CT, NSCLC-Radiomics-Interobserver1; busca da substring 'ESOPHAG' em SeriesDescript",outra,,2026-09-06,,consulta registrada,,"ARM 5 — Ensaios de radioterapia (NRG/RTOG, NCTN, TROG, EORTC"
"WebSearch: ""ESTRO ACROP consensus guideline delineation organs at risk thorax esophagus lung radiotherapy""",outra,,2026-09-06,,consulta registrada,,"ARM 5 — Ensaios de radioterapia (NRG/RTOG, NCTN, TROG, EORTC"
"WebFetch: https://www.cancerimagingarchive.net/collection/s0819/ — prompt: licenca, DOI, acesso, tipo de anotacao, OAR presentes",TCIA,https://www.cancerimagingarchive.net/collection/s0819/,2026-09-06,,consulta registrada,,"ARM 5 — Ensaios de radioterapia (NRG/RTOG, NCTN, TROG, EORTC"
"WebFetch: https://www.cancerimagingarchive.net/analysis-result/s0819-tumor-annotations/ — prompt: licenca, DOI, quem anotou, tipo de anotacao, disponibilidade das imagens-fonte",TCIA,https://www.cancerimagingarchive.net/analysis-result/s0819-tumor-annotations/,2026-09-06,,consulta registrada,,"ARM 5 — Ensaios de radioterapia (NRG/RTOG, NCTN, TROG, EORTC"
"WebSearch: ""NRG Oncology data sharing policy imaging RTOG trial \""data request\"" NCTN Data Archive contours public""",outra,,2026-09-06,,consulta registrada,,"ARM 5 — Ensaios de radioterapia (NRG/RTOG, NCTN, TROG, EORTC"
"WebSearch: ""TROG clinical trial imaging data public TCIA radiotherapy contours \""TROG\"" lung dataset open access""",TCIA,,2026-09-06,,consulta registrada,,"ARM 5 — Ensaios de radioterapia (NRG/RTOG, NCTN, TROG, EORTC"
WebFetch: https://www.nrgoncology.org/ciro-core-lab-services/contouring-atlases/ — HTTP 404,outra,https://www.nrgoncology.org/ciro-core-lab-services/contouring-atlases/,2026-09-06,,consulta registrada,,"ARM 5 — Ensaios de radioterapia (NRG/RTOG, NCTN, TROG, EORTC"
"WebFetch: https://trog.com.au/datasets/ — prompt: lista de datasets, tipo de dado, condicoes de acesso, licenca",outra,https://trog.com.au/datasets/,2026-09-06,,consulta registrada,,"ARM 5 — Ensaios de radioterapia (NRG/RTOG, NCTN, TROG, EORTC"
"WebSearch: ""nrgoncology.org contouring atlas thoracic lung organs at risk atlas page free access""",outra,,2026-09-06,,consulta registrada,,"ARM 5 — Ensaios de radioterapia (NRG/RTOG, NCTN, TROG, EORTC"
WebFetch: https://www.nrgoncology.org/about-us/center-for-innovation-in-radiation-oncology/lung-cancer-downloads/ — prompt: lista de atlases e se exigem login CTEP,outra,https://www.nrgoncology.org/about-us/center-for-innovation-in-radiation-oncology/lung-cancer-downloads/,2026-09-06,,consulta registrada,,"ARM 5 — Ensaios de radioterapia (NRG/RTOG, NCTN, TROG, EORTC"
"WebFetch: https://trog.com.au/datasets/trog-09-02-chisel/ — prompt: dados oferecidos, mecanismo de acesso, licenca, custo",outra,https://trog.com.au/datasets/trog-09-02-chisel/,2026-09-06,,consulta registrada,,"ARM 5 — Ensaios de radioterapia (NRG/RTOG, NCTN, TROG, EORTC"
WebFetch (2a passada): https://www.nrgoncology.org/about-us/center-for-innovation-in-radiation-oncology/lung-cancer-downloads/ — prompt: hrefs absolutos dos downloads,outra,https://www.nrgoncology.org/about-us/center-for-innovation-in-radiation-oncology/lung-cancer-downloads/,2026-09-06,,consulta registrada,,"ARM 5 — Ensaios de radioterapia (NRG/RTOG, NCTN, TROG, EORTC"
"curl -sIL (somente HEAD, sem download): https://www.nrgoncology.org/wp-content/uploads/2025/09/Lung-Organs-at-Risk.ppt -> HTTP 200, Content-Length 19295232, application/vnd.ms-powerpoint",outra,https://www.nrgoncology.org/wp-content/uploads/2025/09/Lung-Organs-at-Risk.ppt,2026-09-06,,consulta registrada,,"ARM 5 — Ensaios de radioterapia (NRG/RTOG, NCTN, TROG, EORTC"
"curl -sIL (somente HEAD, sem download): https://www.nrgoncology.org/wp-content/uploads/2025/11/20230821_NE.SBRT_.4D.LUNG_.2MM.zip -> HTTP 200, Content-Length 105886089, application/zip",outra,https://www.nrgoncology.org/wp-content/uploads/2025/11/20230821_NE.SBRT_.4D.LUNG_.2MM.zip,2026-09-06,,consulta registrada,,"ARM 5 — Ensaios de radioterapia (NRG/RTOG, NCTN, TROG, EORTC"
"WebSearch: ""EORTC data sharing policy imaging DICOM radiotherapy contours request \""data sharing\"" open access trial imaging""",outra,,2026-09-06,,consulta registrada,,"ARM 5 — Ensaios de radioterapia (NRG/RTOG, NCTN, TROG, EORTC"
"WebFetch: https://www.cancerimagingarchive.net/collection/nsclc-radiomics-interobserver1/ — prompt: licenca, DOI, n, estruturas, n de observadores, OAR, overlap com Lung1, formato",TCIA,https://www.cancerimagingarchive.net/collection/nsclc-radiomics-interobserver1/,2026-09-06,,consulta registrada,,"ARM 5 — Ensaios de radioterapia (NRG/RTOG, NCTN, TROG, EORTC"
"API TCIA NBIA (curl GET com --max-filesize 8000000): getSeries?Modality=SEG&BodyPartExamined={CHEST,LUNG,THORAX,MEDIASTINUM,ESOPHAGUS}&format=csv -> 5.662.925 / 268.756 / 0 / 48.280 / 0 bytes. Arquivos apagados apos agregacao.",TCIA,,2026-09-06,,consulta registrada,,"ARM 5 — Ensaios de radioterapia (NRG/RTOG, NCTN, TROG, EORTC"
,TCIA,https://www.cancerimagingarchive.net/collection/nsclc-cetuximab/,2026-09-06,RTOG-0617 / NSCLC-Cetuximab (TCIA),licenca=NIH Controlled Data Access Policy (citac | identidade=DICOM: StudyInstanceUID + SeriesInstance | humano=UNKNOWN — a pagina nao declara quem fez ,D,"Ensaio NRG/RTOG fase III em NSCLC estagio III com CT de planejamento + RTSTRUCT + RTPLAN + RTDOSE. Seria ideal (DICOM completo, 4 identidades, GT de protocolo), mas esta sob politica de acesso control"
,TCIA,https://www.cancerimagingarchive.net/collection/s0819/,2026-09-06,"S0819 (SWOG, TCIA) — imagens",licenca=Imagens: 'NIH Controlled Data Access Pol | identidade=DICOM (4 identidades) — inacessivel. | humano=SIM para as anotacoes: radiologistas MBB,D,"Maior fonte de RTSTRUCT publica do TCIA em volume (20.181 series, 1.281 pacientes com RTSTRUCT, 15.410 series marcadas CHEST). Parece um achado enorme ate se ler o campo de proveniencia: sao anotacoes"
,TCIA,https://www.cancerimagingarchive.net/analysis-result/s0819-tumor-annotations/,2026-09-06,S0819-Tumor-Annotations (TCIA analysis result),"licenca=CC BY 4.0 (verbatim: 'CC BY 4.0'). As im | identidade=DICOM RTSTRUCT/SEG referenciando series  | humano=SIM — radiologistas humanos, dupla leitu",F,"CC BY 4.0 de verdade e GT humano de verdade, mas o objeto e lesao tumoral com seed point e volume em cc, nao contorno de orgao. Serve como prova documental de que licenca de anotacao != licenca de ima"
,TCIA,https://www.cancerimagingarchive.net/collection/nci-match-eay131/,2026-09-06,"EAY131 (NCI-MATCH, TCIA) — RTSTRUCT",licenca=UNKNOWN — LicenseName e LicenseURI vem V | identidade=DICOM (4 identidades) para as series lis | humano=SIM (mesmo pipeline de radiologistas do ,F,"Era uma das 5 colecoes do censo da Fase 11 com 'esofago'. Hoje foi possivel ver o padrao das descricoes: 'Pre-dose, ESOPHAGUS - 1' e 'ESOPHAGUS - 1 - SEED POINT', ThirdPartyAnalysis=yes. E lesao no es"
,TCIA,https://www.cancerimagingarchive.net/browse-collections/,2026-09-06,"Colecoes NCTN de anotacao de lesao no TCIA (AHOD0831, CALGB50303, A091105, AREN0532/0533/0534, ACNS0332, ARAR0331, AHEP0","licenca=CC BY 4.0 para as series de anotacao (AP | identidade=DICOM (4 identidades). | humano=SIM, humana — mas objeto errado (lesao).",F,"Somam dezenas de milhares de RTSTRUCT sob CC BY 4.0 e por isso aparecem como 'contornos de ensaio publicos'. Todas sao ThirdPartyAnalysis=yes com descricoes 'Pre-Dose, <SITIO> - N' / 'SEED POINT'. Nen"
,web,https://trog.com.au/datasets/trog-09-02-chisel/,2026-09-06,TROG 09.02 CHISEL,licenca=UNKNOWN — nenhuma licenca declarada na p | identidade=DICOM (4 identidades) se obtido. | humano=Presumivelmente sim (contornos de plano ,D,"Ensaio randomizado de SABR em NSCLC precoce com 100 datasets de RTQA, 39 de benchmarking e planos RT em DICOM — exatamente o tipo de dado que o Arm 5 procurava. Mas o acesso exige aplicacao formal a u"
,web,https://www.nrgoncology.org/clinical-trials/clinical-trial-resources/ancillary-projects-and-data-sharing-application/,2026-09-06,NRG Oncology / NCI NCTN-NCORP Data Archive (canal geral para ensaios RTOG pos-2018),"licenca=N/A — regime de aplicacao, nao de licenc | identidade=DICOM se concedido. | humano=UNKNOWN por ensaio.",D,E o unico canal existente para qualquer dado de ensaio NRG/RTOG alem do que ja esta no TCIA. Exige Ancillary Projects Application. Fecha a pergunta do arm: nao ha ensaio NRG/RTOG com contorno de OAR a
,web,https://www.eortc.org/data-sharing/,2026-09-06,EORTC data & sample sharing,licenca=N/A — regime de requisicao. | identidade=UNKNOWN | humano=UNKNOWN,D,Mesma conclusao do NRG e do TROG. Acesso a dados e imagens somente pela politica POL008 com formulario de requisicao. Nenhum dataset de imagem EORTC aberto foi encontrado.
,arXiv,https://arxiv.org/abs/1912.05950,2026-09-06,SegTHOR — Segmentation of THoracic Organs at Risk,"licenca=UNKNOWN — nao declarada no artigo nem no | identidade=2 de 4 (case_id, sha256). NIfTI nao carr | humano=SIM — 'contoured manually by an experien",D com bloqueio DUPLO (acesso + clausula comercial). A anatomia sai da lista de motivos. (reclassificado de D com bloqueio TRIPLO (acesso + clausula comercial + anatomia cervical)),"Classe nao muda — o DUA assinavel e a vedacao comercial, ambos lidos por mim no PDF primario, ja bastam e sao permanentes para produto. Mas o terceiro motivo cai: ver refutada 1. Registrar so o que su"
,TCIA,https://www.cancerimagingarchive.net/collection/nsclc-radiomics-interobserver1/,2026-09-06,NSCLC-Radiomics-Interobserver1,"licenca=CC BY-NC 3.0 — NonCommercial, incompativ | identidade=DICOM (4 identidades). | humano=SIM — 5 oncologistas de radiacao, com va",F,"Aparece na varredura como raro caso de multiplos anotadores humanos (5 oncologistas de radiacao), o que seria ouro para medir variabilidade. Mas delineia SOMENTE GTV — nenhum OAR, nenhum esofago. Lice"
,PubMed,https://pmc.ncbi.nlm.nih.gov/articles/PMC3933280/,2026-09-06,Atlas Kong et al. 2011 — OAR toracicos (RTOG/EORTC/SWOG),"licenca=N/A (publicacao). Texto integral livre n | identidade=N/A | humano=N/A — e documento normativo, escrito por",A,"NAO e dataset, e a REGRA. Responde diretamente a pergunta especifica do arm: existe documento publico que define operacionalmente os limites cranial e caudal do esofago em contorno de RT toracica. Cra"
,web,https://www.nrgoncology.org/about-us/center-for-innovation-in-radiation-oncology/lung-cancer-downloads/,2026-09-06,NRG Oncology — 'Organs at Risk in Thoracic Radiation Therapy' (atlas .ppt publico),licenca=UNKNOWN — a pagina nao declara licenca d | identidade=N/A | humano=N/A — material normativo.,B,"E o atlas de OAR toracico que a NRG distribui junto ao material de pulmao (o mesmo material que circula como 'RTOG 1106 OAR Atlas'). Verificado como download PUBLICO sem login (HTTP 200, 19.295.232 by"
,web,https://www.nrgoncology.org/about-us/center-for-innovation-in-radiation-oncology/lung-cancer-downloads/,2026-09-06,NRG-LU008 Practice DICOM dataset,"licenca=UNKNOWN — nenhuma licenca declarada. E m | identidade=DICOM — potencialmente 4 identidades, ma | humano=UNKNOWN",C,"Unico DICOM de RT toracica encontrado no Arm 5 em URL publica sem login (a pagina lista o item como exigindo CTEP login, mas o href aponta para /wp-content/ e responde HTTP 200 sem autenticacao — dive"
WebSearch: TotalSegmentator dataset Zenodo 10047292 meta.csv image_id,Zenodo,,2026-09-06,,consulta registrada,,ARM 6 — Repositórios abertos (Zenodo / HuggingFace / Grand-C
WebSearch: SegTHOR challenge dataset esophagus license download 2026,outra,,2026-09-06,,consulta registrada,,ARM 6 — Repositórios abertos (Zenodo / HuggingFace / Grand-C
"WebSearch: TotalSegmentator dataset ""image_id"" mapping DICOM SeriesInstanceUID anonymized provenance",outra,,2026-09-06,,consulta registrada,,ARM 6 — Repositórios abertos (Zenodo / HuggingFace / Grand-C
"WebFetch: https://zenodo.org/records/10047292 — titulo, versao, licenca, descricao, meta.csv, image_id, anonimizacao, identificadores DICOM, lista de arquivos, DOI",Zenodo,https://zenodo.org/records/10047292,2026-09-06,,consulta registrada,,ARM 6 — Repositórios abertos (Zenodo / HuggingFace / Grand-C
"WebFetch: https://zenodo.org/records/13900142 — licenca, DOI, ligacao a SeriesInstanceUID do IDC, origem humana ou de modelo das segmentacoes, colunas identificadoras",Zenodo,https://zenodo.org/records/13900142,2026-09-06,,consulta registrada,,ARM 6 — Repositórios abertos (Zenodo / HuggingFace / Grand-C
"WebFetch: https://github.com/wasserth/TotalSegmentator/blob/master/README.md — meta.csv, image_id, licenca do codigo vs do dataset, origem das imagens, anonimizacao, mapeamento para UIDs",GitHub,https://github.com/wasserth/TotalSegmentator/blob/master/README.md,2026-09-06,,consulta registrada,,ARM 6 — Repositórios abertos (Zenodo / HuggingFace / Grand-C
"WebSearch: TotalSegmentator ""meta.csv"" dataset columns image_id institute study_type split github issue",GitHub,,2026-09-06,,consulta registrada,,ARM 6 — Repositórios abertos (Zenodo / HuggingFace / Grand-C
"WebFetch: https://arxiv.org/abs/1912.05950 — SegTHOR: pacientes, instituicao, anotacao, extensao do esofago, formato, licenca, anonimizacao",arXiv,https://arxiv.org/abs/1912.05950,2026-09-06,,consulta registrada,,ARM 6 — Repositórios abertos (Zenodo / HuggingFace / Grand-C
WebFetch: https://arxiv.org/pdf/1912.05950 — secao Materials/Dataset do SegTHOR (retorno binario; texto extraido localmente),arXiv,https://arxiv.org/pdf/1912.05950,2026-09-06,,consulta registrada,,ARM 6 — Repositórios abertos (Zenodo / HuggingFace / Grand-C
"WebFetch: https://competitions.codalab.org/competitions/21145 — competicao ativa?, termos, licenca, exigencia de registro, formato",outra,https://competitions.codalab.org/competitions/21145,2026-09-06,,consulta registrada,,ARM 6 — Repositórios abertos (Zenodo / HuggingFace / Grand-C
"WebSearch: TotalSegmentator Wasserthal ""Radiology Artificial Intelligence"" 2023 dataset ""University Hospital Basel"" randomly sampled PACS ethics anonymized",outra,,2026-09-06,,consulta registrada,,ARM 6 — Repositórios abertos (Zenodo / HuggingFace / Grand-C
"WebFetch: https://pubs.rsna.org/doi/full/10.1148/ryai.230024 — Materials and Methods, etica, anonimizacao, retencao de UIDs, processo de anotacao (RESULTADO: HTTP 403)",outra,https://pubs.rsna.org/doi/full/10.1148/ryai.230024,2026-09-06,,consulta registrada,,ARM 6 — Repositórios abertos (Zenodo / HuggingFace / Grand-C
"WebSearch: SegTHOR dataset official site Rouen ""segthor"" data download nifti .nii.gz Patient_01 GT.nii",outra,,2026-09-06,,consulta registrada,,ARM 6 — Repositórios abertos (Zenodo / HuggingFace / Grand-C
"WebFetch: https://arxiv.org/abs/2208.05868 — origem das imagens, etica, anonimizacao, processo de anotacao, esofago entre as classes, licenca",arXiv,https://arxiv.org/abs/2208.05868,2026-09-06,,consulta registrada,,ARM 6 — Repositórios abertos (Zenodo / HuggingFace / Grand-C
"WebFetch: https://github.com/openmedlab/Awesome-Medical-Dataset/blob/main/resources/SegTHOR.md — licenca, link de download, formato, numero de casos, anotacao, DUA",GitHub,https://github.com/openmedlab/Awesome-Medical-Dataset/blob/main/resources/SegTHOR.md,2026-09-06,,consulta registrada,,ARM 6 — Repositórios abertos (Zenodo / HuggingFace / Grand-C
"WebFetch: https://zenodo.org/records/16663661 — titulo, descricao, licenca, DOI, arquivos, relacao com SegTHOR, mapeamento de UID",Zenodo,https://zenodo.org/records/16663661,2026-09-06,,consulta registrada,,ARM 6 — Repositórios abertos (Zenodo / HuggingFace / Grand-C
WebSearch: LUNA16 seriesuid filename is SeriesInstanceUID LIDC-IDRI mapping candidates.csv,outra,,2026-09-06,,consulta registrada,,ARM 6 — Repositórios abertos (Zenodo / HuggingFace / Grand-C
WebSearch: Medical Segmentation Decathlon Task06 Lung TCIA mapping SeriesInstanceUID crosswalk which collection,TCIA,,2026-09-06,,consulta registrada,,ARM 6 — Repositórios abertos (Zenodo / HuggingFace / Grand-C
"WebFetch: https://huggingface.co/datasets/mrmrx/CADS-dataset — licenca, origem das anotacoes, datasets agregados, esofago, mapeamento para identificadores DICOM",HuggingFace,https://huggingface.co/datasets/mrmrx/CADS-dataset,2026-09-06,,consulta registrada,,ARM 6 — Repositórios abertos (Zenodo / HuggingFace / Grand-C
"WebFetch: https://luna16.grand-challenge.org/Data/ — nomenclatura dos exames, campo seriesuid, formato, licenca, relacao com LIDC-IDRI",Grand Challenge,https://luna16.grand-challenge.org/Data/,2026-09-06,,consulta registrada,,ARM 6 — Repositórios abertos (Zenodo / HuggingFace / Grand-C
"WebSearch: zenodo NIfTI conversion TCIA collection ""SeriesInstanceUID"" mapping csv dataset esophagus thoracic",Zenodo,,2026-09-06,,consulta registrada,,ARM 6 — Repositórios abertos (Zenodo / HuggingFace / Grand-C
"WebSearch: ""NSCLC-Radiomics"" nifti conversion zenodo huggingface derived dataset mapping patient id series uid",Zenodo,,2026-09-06,,consulta registrada,,ARM 6 — Repositórios abertos (Zenodo / HuggingFace / Grand-C
"WebFetch: https://zenodo.org/records/4747795 — titulo, autores, licenca, DOI, descricao, arquivos, preservacao de UIDs, redistribuicao oficial ou nao",Zenodo,https://zenodo.org/records/4747795,2026-09-06,,consulta registrada,,ARM 6 — Repositórios abertos (Zenodo / HuggingFace / Grand-C
"WebFetch: https://huggingface.co/datasets/farrell236/NSCLC-Radiomics-NIFTI — licenca, metodo de conversao, nomenclatura de pastas, preservacao de UIDs, estruturas segmentadas, origem das mascaras",HuggingFace,https://huggingface.co/datasets/farrell236/NSCLC-Radiomics-NIFTI,2026-09-06,,consulta registrada,,ARM 6 — Repositórios abertos (Zenodo / HuggingFace / Grand-C
"WebSearch: SegTHOR ""terms and conditions"" agreement form sign send back Petitjean data access esophagus challenge",outra,,2026-09-06,,consulta registrada,,ARM 6 — Repositórios abertos (Zenodo / HuggingFace / Grand-C
"WebFetch: https://pagesperso.litislab.fr/cpetitjean/wp-content/uploads/sites/19/2021/11/DataUseAgreement_CHBDatabaseV3.pdf — clausulas de titularidade, assinatura, redistribuicao, uso comercial (retorno binario; texto extraido localmente)",outra,https://pagesperso.litislab.fr/cpetitjean/wp-content/uploads/sites/19/2021/11/DataUseAgreement_CHBDatabaseV3.pdf,2026-09-06,,consulta registrada,,ARM 6 — Repositórios abertos (Zenodo / HuggingFace / Grand-C
"WebFetch: https://zenodo.org/api/records/16663661 — metadados JSON completos: titulo, criadores, descricao, licenca, identificadores relacionados, arquivos",Zenodo,https://zenodo.org/api/records/16663661,2026-09-06,,consulta registrada,,ARM 6 — Repositórios abertos (Zenodo / HuggingFace / Grand-C
"WebSearch: StructSeg2019 dataset redistribution zenodo huggingface ""StructSeg"" thoracic organs at risk download mirror license",Zenodo,,2026-09-06,,consulta registrada,,ARM 6 — Repositórios abertos (Zenodo / HuggingFace / Grand-C
"Bash/pypdf (local, leitura): extracao de texto de DataUseAgreement_CHBDatabaseV3.pdf — 3 paginas integrais",outra,,2026-09-06,,consulta registrada,,ARM 6 — Repositórios abertos (Zenodo / HuggingFace / Grand-C
"Bash/pypdf (local, leitura): extracao de texto de arXiv 1912.05950 (SegTHOR) — secao 2 The SegTHOR Dataset",arXiv,,2026-09-06,,consulta registrada,,ARM 6 — Repositórios abertos (Zenodo / HuggingFace / Grand-C
"WebFetch: https://zenodo.org/records/13244892 — licenca, colecoes IDC cobertas, colunas de UID no qa-results.csv, esofago, origem das segmentacoes",Zenodo,https://zenodo.org/records/13244892,2026-09-06,,consulta registrada,,ARM 6 — Repositórios abertos (Zenodo / HuggingFace / Grand-C
"WebFetch: https://github.com/openmedlab/Awesome-Medical-Dataset/blob/main/resources/TotalSegmentator_v2.md — licenca, estrutura, colunas exatas do meta.csv, significado de image_id e institute, identificadores DICOM, origem das anotacoes",GitHub,https://github.com/openmedlab/Awesome-Medical-Dataset/blob/main/resources/TotalSegmentator_v2.md,2026-09-06,,consulta registrada,,ARM 6 — Repositórios abertos (Zenodo / HuggingFace / Grand-C
"WebSearch: wasserth TotalSegmentator github issue ""original DICOM"" OR ""which hospital"" OR ""map image_id"" dataset provenance request",GitHub,,2026-09-06,,consulta registrada,,ARM 6 — Repositórios abertos (Zenodo / HuggingFace / Grand-C
"WebFetch: https://ar5iv.labs.arxiv.org/html/2208.05868 — texto completo do artigo TotalSegmentator (RESULTADO: erro de conversao, sem conteudo)",arXiv,https://ar5iv.labs.arxiv.org/html/2208.05868,2026-09-06,,consulta registrada,,ARM 6 — Repositórios abertos (Zenodo / HuggingFace / Grand-C
"WebSearch: TotalSegmentator dataset annotation ""iterative"" preliminary model ""manually corrected"" radiologists segmentation creation process paper",outra,,2026-09-06,,consulta registrada,,ARM 6 — Repositórios abertos (Zenodo / HuggingFace / Grand-C
"WebSearch: huggingface datasets esophagus segmentation CT ""SeriesInstanceUID"" OR ""StudyInstanceUID"" dataset card 2025 2026",HuggingFace,,2026-09-06,,consulta registrada,,ARM 6 — Repositórios abertos (Zenodo / HuggingFace / Grand-C
"WebFetch: https://opendatalab.com/OpenDataLab/SegTHOR — licenca asserida, exigencia de conta, fonte original, DUA (RESULTADO: pagina nao renderizou conteudo)",outra,https://opendatalab.com/OpenDataLab/SegTHOR,2026-09-06,,consulta registrada,,ARM 6 — Repositórios abertos (Zenodo / HuggingFace / Grand-C
"WebSearch: zenodo 2025 2026 new dataset thoracic CT ""esophagus"" manual contours radiotherapy open license DICOM RTSTRUCT",Zenodo,,2026-09-06,,consulta registrada,,ARM 6 — Repositórios abertos (Zenodo / HuggingFace / Grand-C
WebSearch: idc-index python package IDC index csv PatientID StudyInstanceUID SeriesInstanceUID collection lookup Imaging Data Commons,IDC,,2026-09-06,,consulta registrada,,ARM 6 — Repositórios abertos (Zenodo / HuggingFace / Grand-C
"WebFetch: https://huggingface.co/datasets/YongchengYAO/TotalSegmentator-CT-Lite — licenca, conteudo, inclusao do meta.csv, colunas, image_id, ligacao a identificadores DICOM",HuggingFace,https://huggingface.co/datasets/YongchengYAO/TotalSegmentator-CT-Lite,2026-09-06,,consulta registrada,,ARM 6 — Repositórios abertos (Zenodo / HuggingFace / Grand-C
"WebSearch: ""mapping"" csv ""nifti"" dataset publishes original ""SeriesInstanceUID"" for each converted case open dataset lung CT organs at risk",outra,,2026-09-06,,consulta registrada,,ARM 6 — Repositórios abertos (Zenodo / HuggingFace / Grand-C
WebSearch: codalab competitions v1 shutdown migration 2025 2026 old challenges data unavailable SegTHOR ISBI 2019,outra,,2026-09-06,,consulta registrada,,ARM 6 — Repositórios abertos (Zenodo / HuggingFace / Grand-C
,Zenodo,https://zenodo.org/records/10047292,2026-09-06,TotalSegmentator CT dataset v2.0.1 (Zenodo 10047292),licenca=CC BY 4.0 declarada pelo titular (Univer | identidade=case_id (sXXXX) + sha256 do conteudo = 2 | humano=Parcial / model-in-the-loop. Predicoes d,"F com evidencia PRIMARIA [FATO/alta]; lacuna 2 do arm fechada (reclassificado de F fundamentado em achado [FATO/media] tirado de snippet de buscador, com lacuna declarada)","Baixei e extrai o arXiv 2208.05868v1. Secao 2.2 e Figura 4 confirmam literalmente o model-in-the-loop e o active learning (5 sujeitos manuais, depois modelo + correcao; 68 das 104 classes iniciadas po"
,web,https://competitions.codalab.org/competitions/21145,2026-09-06,SegTHOR — Segmentation of THoracic Organs at Risk (CodaLab 21145),"licenca=SEM licenca aberta. Data Use Agreement b | identidade=case_id (Patient_01..Patient_60) + sha25 | humano=SIM, e integralmente humana — contornos ",D com bloqueio DUPLO (acesso + clausula comercial). A anatomia sai da lista de motivos. (reclassificado de D com bloqueio TRIPLO (acesso + clausula comercial + anatomia cervical)),"Classe nao muda — o DUA assinavel e a vedacao comercial, ambos lidos por mim no PDF primario, ja bastam e sao permanentes para produto. Mas o terceiro motivo cai: ver refutada 1. Registrar so o que su"
,Zenodo,https://zenodo.org/records/16663661,2026-09-06,"Zenodo 16663661 — 'Medical image datasets: SegTHOR, CT liver thin, Lung Cancer' (Dayu Tan)","licenca=CC BY 4.0 ASSERTADA POR TERCEIRO SEM TIT | identidade=Nenhuma alem do nome de arquivo. Sem UID | humano=UNKNOWN — conteudo nao baixado (1,82 GB,",F,"ARMADILHA. E exatamente o tipo de registro que a lente deste arm existe para pegar: um SegTHOR.zip de 1,82 GB republicado por um terceiro sem relacao com o CHB, rotulado CC BY 4.0, sem descricao, sem "
,Zenodo,https://zenodo.org/records/13244892,2026-09-06,BAMF / AIMI Annotations para o NCI Imaging Data Commons (Zenodo 13244892),"licenca=CC BY 4.0 declarada no registro Zenodo p | identidade=4/4 — StudyInstanceUID, SeriesInstanceUI | humano=NAO como fonte primaria — segmentacoes g",E,"Fora do alvo anatomico — o esofago NAO esta entre as estruturas segmentadas (cobre cerebro, mama, rim, figado, pulmao e prostata) — e o GT e de modelo (nnUNet), com apenas ~10% revisado por radiologis"
,HuggingFace,https://huggingface.co/datasets/farrell236/NSCLC-Radiomics-NIFTI,2026-09-06,farrell236/NSCLC-Radiomics-NIFTI (HuggingFace),licenca=CC-BY-3.0 declarada no dataset card do H | identidade=3/4 potenciais: case_id = PatientID orig | humano=SIM na origem — as mascaras derivam dos ,F,"Tem esofago e tem identidade parcial recuperavel (as pastas sao LUNG1-XXX, o PatientID original do TCIA), mas sao as MESMAS imagens do NSCLC-Radiomics, colecao ja usada pelo VRmed com split congelado."
,Zenodo,https://zenodo.org/records/4747795,2026-09-06,"Zenodo 4747795 — LCTSC DICOM & NIFTI Test Data (Chlap, UNSW)",licenca=CC BY 3.0 Unported declarada no Zenodo p | identidade=Potencialmente 4/4 no pacote DICOM (Stud | humano=SIM na origem — contornos humanos do LCT,F,"Mesmo padrao do anterior: identidade boa, imagem contaminada. Redistribui uma porcao do LCTSC em DICOM (29,2 MB) E em NIfTI (147,4 MB) — como inclui o DICOM, os UIDs originais viajam junto, o que reso"
,Grand Challenge,https://luna16.grand-challenge.org/Data/,2026-09-06,LUNA16 (derivado do LIDC-IDRI),"licenca=CC BY 4.0 declarada pelo desafio, sobre  | identidade=3/4 fortes: SeriesInstanceUID nativo nos | humano=SIM na origem (leituras de 4 radiologist",E,"Fora do alvo: e deteccao de nodulo pulmonar, nao ha mascara de orgao e nao ha esofago. Incluido porque responde a pergunta central do arm com um exemplo verificavel: um derivado que identifica cada ex"
,Zenodo,https://zenodo.org/records/13900142,2026-09-06,TotalSegmentator-CT-Segmentations para o NCI IDC (Zenodo 13900142),licenca=CC BY 4.0 declarada no Zenodo para as SE | identidade=4/4 — DICOM SEG/SR referenciam a serie d | humano=NAO. Saida de modelo (TotalSegmentator v,F,"Identidade 4/4 (DICOM SEG/SR com ReferencedSeriesSequence, sobre imagens do IDC, majoritariamente NLST) e licenca limpa — e mesmo assim reprovado sem discussao: as segmentacoes foram geradas automatic"
,HuggingFace,https://huggingface.co/datasets/mrmrx/CADS-dataset,2026-09-06,CADS-dataset (HuggingFace),licenca=Licenca custom 'cadsdataset'; cada datas | identidade=UNKNOWN / nenhuma documentada no cartao  | humano=NAO — pseudo-rotulagem automatica com co,F,"Recusa dura por GT: anotacoes produzidas por 'automated pipeline with pseudo-labeling and unsupervised quality control'. Agrega 43 datasets publicos E privados (TotalSegmentator 1203 volumes, NLST 717"
,HuggingFace,https://huggingface.co/datasets/YongchengYAO/TotalSegmentator-CT-Lite,2026-09-06,YongchengYAO/TotalSegmentator-CT-Lite (HuggingFace),licenca=CC-BY-4.0 declarada no cartao do dataset | identidade=1-2/4 e degradada: case_id proprio do re | humano=NAO (herdado do TotalSegmentator: model-,F,"Reempacotamento do TotalSegmentator CT: herda o GT model-in-the-loop e ainda PIORA a identidade, porque renomeia todos os arquivos por um case ID proprio e nao documenta o mapeamento para o image_id o"
,Grand Challenge,https://structseg2019.grand-challenge.org/,2026-09-06,StructSeg2019 Task 3 (OAR toracicos) — reverificacao,licenca=UNKNOWN — nenhuma licenca de dado locali | identidade=UNKNOWN — nao verificavel sem acesso ao  | humano=Declarada como anotacao para planejament,D,Reverificado sob a lente nova e o status nao muda. Continua sem licenca de DADO localizavel e sem canal de distribuicao aberto; nenhum espelho legitimo em Zenodo ou HuggingFace foi encontrado nas cons
"Zenodo API GET https://zenodo.org/api/records?q=esophagus+segmentation&size=3&sort=newest — teste de acesso, OK",Zenodo,https://zenodo.org/api/records?q=esophagus+segmentation&size=3&sort=newest,2026-09-06,,consulta registrada,,ARM 3 — Fase 20 — datasets de segmentacao toracica com esofa
"Zenodo API GET /api/records?q=""esophagus"" AND ""segmentation"" AND publication_date:[2025-01-01 TO 2026-12-31]&size=20&sort=mostrecent — total 6, nenhum relevante",Zenodo,,2026-09-06,,consulta registrada,,ARM 3 — Fase 20 — datasets de segmentacao toracica com esofa
"Zenodo API GET /api/records?q=""organ at risk"" AND ""CT"" AND publication_date:[2025-01-01 TO 2026-12-31]&size=20&sort=mostrecent — total 4, nenhum dataset",Zenodo,,2026-09-06,,consulta registrada,,ARM 3 — Fase 20 — datasets de segmentacao toracica com esofa
"Zenodo API GET /api/records?q=""esophageal"" AND ""CT"" AND publication_date:[2025-01-01 TO 2026-12-31]&size=20&sort=mostrecent — total 29, nenhum dataset de segmentacao toracica",Zenodo,,2026-09-06,,consulta registrada,,ARM 3 — Fase 20 — datasets de segmentacao toracica com esofa
"Zenodo API GET /api/records?q=esophagus+segmentation&type=dataset&sort=newest (e mais 3 variantes: thoracic+organ+at+risk+segmentation, radiotherapy+contours+CT+dataset, mediastinal+segmentation+CT) — sort=newest sem filtro de frase devolve ruido; descartado",Zenodo,,2026-09-06,,consulta registrada,,ARM 3 — Fase 20 — datasets de segmentacao toracica com esofa
Zenodo API GET /api/records/19347848 (DoseRAD2026) — HTTP 403 via curl (rate limit),Zenodo,,2026-09-06,,consulta registrada,,ARM 3 — Fase 20 — datasets de segmentacao toracica com esofa
"Zenodo API GET /api/records/22127731 — file list do STOPSTORM, OK",Zenodo,,2026-09-06,,consulta registrada,,ARM 3 — Fase 20 — datasets de segmentacao toracica com esofa
"Zenodo download GET /api/records/22127731/files/STOPSTORM_Planning_Benchmark_Data_06032024.zip/content — 12.302.944 bytes, OK (abaixo do limite de 20 MB)",Zenodo,,2026-09-06,,consulta registrada,,ARM 3 — Fase 20 — datasets de segmentacao toracica com esofa
Zenodo HTTP Range GET /api/records/22127731/files/STOPSTORM_Contouring_Benchmark_Data_06032024.zip/content bytes=169097245-169465385 — diretorio central lido sem baixar o arquivo (368.140 bytes),Zenodo,,2026-09-06,,consulta registrada,,ARM 3 — Fase 20 — datasets de segmentacao toracica com esofa
"Zenodo HTTP Range (segunda rodada, para extrair rtss_*.dcm de dentro do zip remoto) — HTTP 403 (rate limit)",Zenodo,,2026-09-06,,consulta registrada,,ARM 3 — Fase 20 — datasets de segmentacao toracica com esofa
DataCite API GET https://api.datacite.org/dois?query=esophagus+segmentation&page[size]=20,DataCite,https://api.datacite.org/dois?query=esophagus+segmentation&page[size,2026-09-06,,consulta registrada,,ARM 3 — Fase 20 — datasets de segmentacao toracica com esofa
DataCite API GET /dois?query=esophagus AND segmentation AND CT&resource-type-id=dataset&page[size]=25 — 16 resultados; achou os 2 registros ScienceDB de 2026,DataCite,,2026-09-06,,consulta registrada,,ARM 3 — Fase 20 — datasets de segmentacao toracica com esofa
DataCite API GET /dois?query=(esophagus OR oesophagus) AND segmentation&resource-type-id=dataset&sort=created — HTTP nao-JSON na 1a tentativa,DataCite,,2026-09-06,,consulta registrada,,ARM 3 — Fase 20 — datasets de segmentacao toracica com esofa
DataCite API GET /dois?query=esophagus AND publicationYear:[2025 TO 2026]&resource-type-id=dataset&page[size]=25 — total 164,DataCite,,2026-09-06,,consulta registrada,,ARM 3 — Fase 20 — datasets de segmentacao toracica com esofa
DataCite API GET /dois?query=oesophag* AND publicationYear:[2025 TO 2026]&resource-type-id=dataset&page[size]=25 — total 116,DataCite,,2026-09-06,,consulta registrada,,ARM 3 — Fase 20 — datasets de segmentacao toracica com esofa
"DataCite API GET /dois?query=""organs at risk"" AND publicationYear:[2025 TO 2026]&resource-type-id=dataset&page[size]=25 — total 25; achou STOPSTORM",DataCite,,2026-09-06,,consulta registrada,,ARM 3 — Fase 20 — datasets de segmentacao toracica com esofa
"DataCite API GET /dois?query=(RTSTRUCT OR ""structure set"") AND publicationYear:[2025 TO 2026]&resource-type-id=dataset&page[size]=25 — total 76; achou ESLS26/ASLS26",DataCite,,2026-09-06,,consulta registrada,,ARM 3 — Fase 20 — datasets de segmentacao toracica com esofa
DataCite API GET /dois/10.57760/sciencedb.35531 — metadados completos,DataCite,,2026-09-06,,consulta registrada,,ARM 3 — Fase 20 — datasets de segmentacao toracica com esofa
DataCite API GET /dois/10.57760/sciencedb.27733 — metadados completos,DataCite,,2026-09-06,,consulta registrada,,ARM 3 — Fase 20 — datasets de segmentacao toracica com esofa
DataCite API GET /dois/10.5281/zenodo.22127731 — metadados completos do STOPSTORM,Zenodo,,2026-09-06,,consulta registrada,,ARM 3 — Fase 20 — datasets de segmentacao toracica com esofa
DataCite API GET /dois/10.57760/sciencedb.29318 — metadados completos do ESLS26/ASLS26,DataCite,,2026-09-06,,consulta registrada,,ARM 3 — Fase 20 — datasets de segmentacao toracica com esofa
"Figshare API POST /v2/articles/search {""search_for"":""esophagus segmentation CT"",""item_type"":3,""order"":""published_date""} — 8 resultados, nenhum relevante",Figshare,,2026-09-06,,consulta registrada,,ARM 3 — Fase 20 — datasets de segmentacao toracica com esofa
"Figshare API POST /v2/articles/search {""search_for"":""thoracic organs at risk segmentation"",""item_type"":3} — 2 resultados, nenhum relevante",Figshare,,2026-09-06,,consulta registrada,,ARM 3 — Fase 20 — datasets de segmentacao toracica com esofa
"Figshare API GET /v2/articles/31429481 — item de 2026-02-27 e dataset de ablacao termica hepatica, irrelevante",Figshare,,2026-09-06,,consulta registrada,,ARM 3 — Fase 20 — datasets de segmentacao toracica com esofa
HuggingFace API GET /api/datasets?search=esophagus&sort=lastModified — 0 resultados,HuggingFace,,2026-09-06,,consulta registrada,,ARM 3 — Fase 20 — datasets de segmentacao toracica com esofa
"HuggingFace API GET /api/datasets?search=thoracic&sort=lastModified — 1 resultado (Auric-Grid/E1.S4-Synthetic-Thoracic-Oncology-Dataset, sintetico)",HuggingFace,,2026-09-06,,consulta registrada,,ARM 3 — Fase 20 — datasets de segmentacao toracica com esofa
HuggingFace API GET /api/datasets?search=organ%20at%20risk&sort=lastModified — 0 resultados,HuggingFace,,2026-09-06,,consulta registrada,,ARM 3 — Fase 20 — datasets de segmentacao toracica com esofa
HuggingFace API GET /api/datasets?search=SegTHOR — 0; search=radiotherapy CT — 0; search=OAR segmentation — 0; search=RTSTRUCT — 0; search=esophageal CT — 0,HuggingFace,,2026-09-06,,consulta registrada,,ARM 3 — Fase 20 — datasets de segmentacao toracica com esofa
"Europe PMC REST /search?query=(""esophagus segmentation"" OR ""oesophagus segmentation"") AND (PUB_YEAR:2025 OR PUB_YEAR:2026) — 8 hits",Europe PMC,,2026-09-06,,consulta registrada,,ARM 3 — Fase 20 — datasets de segmentacao toracica com esofa
"Europe PMC REST /search?query=(""organs at risk"" AND ""public dataset"" AND thoracic) AND (PUB_YEAR:2025 OR PUB_YEAR:2026) — 9 hits; achou SynthRAD2025",Europe PMC,,2026-09-06,,consulta registrada,,ARM 3 — Fase 20 — datasets de segmentacao toracica com esofa
"Europe PMC REST /search?query=esophagus AND (contours OR segmentation) AND (""publicly available dataset"" OR ""data descriptor"" OR ""The Cancer Imaging Archive"" OR Zenodo) AND (PUB_YEAR:2025 OR PUB_YEAR:2026) — 126 hits, triados",Zenodo,,2026-09-06,,consulta registrada,,ARM 3 — Fase 20 — datasets de segmentacao toracica com esofa
"Europe PMC REST /search?query=JOURNAL:""Scientific Data"" AND (thoracic OR chest OR mediastin*) AND segmentation AND CT AND (PUB_YEAR:2025 OR PUB_YEAR:2026) — 22 hits",Europe PMC,,2026-09-06,,consulta registrada,,ARM 3 — Fase 20 — datasets de segmentacao toracica com esofa
"Europe PMC REST /search?query=JOURNAL:""Data in brief"" AND (radiotherapy OR ""organs at risk"") AND CT AND (PUB_YEAR:2025 OR PUB_YEAR:2026) — 4 hits",Europe PMC,,2026-09-06,,consulta registrada,,ARM 3 — Fase 20 — datasets de segmentacao toracica com esofa
"Europe PMC REST /search?query=(TITLE:""esophag*"" OR TITLE:""oesophag*"") AND (TITLE:dataset OR TITLE:database OR TITLE:cohort) AND (PUB_YEAR:2025 OR PUB_YEAR:2026) — 0 hits",Europe PMC,,2026-09-06,,consulta registrada,,ARM 3 — Fase 20 — datasets de segmentacao toracica com esofa
"Europe PMC REST /search?query=(ABSTRACT:""esophagus"") AND (ABSTRACT:""publicly available"") AND (ABSTRACT:""segmentation"") AND (ABSTRACT:""CT"") AND (PUB_YEAR:2026) — 0 hits",Europe PMC,,2026-09-06,,consulta registrada,,ARM 3 — Fase 20 — datasets de segmentacao toracica com esofa
"Europe PMC REST /search?query=JOURNAL:""Scientific Data"" AND esophag* AND (PUB_YEAR:2025 OR PUB_YEAR:2026) — 21 hits, todos endoscopia/patologia",Europe PMC,,2026-09-06,,consulta registrada,,ARM 3 — Fase 20 — datasets de segmentacao toracica com esofa
"Europe PMC REST /search?query=DOI:""10.1038/s41597-026-07218-y""&resultType=core — abstract do ENHANCE",Europe PMC,,2026-09-06,,consulta registrada,,ARM 3 — Fase 20 — datasets de segmentacao toracica com esofa
Europe PMC REST /search?query=STOPSTORM AND (contouring OR benchmark OR accreditation) — 19 hits; identificou Radiother Oncol 2023 DOI 10.1016/j.radonc.2023.109949,Europe PMC,,2026-09-06,,consulta registrada,,ARM 3 — Fase 20 — datasets de segmentacao toracica com esofa
"Grand Challenge API GET https://grand-challenge.org/api/v1/challenges/?limit=50 (paginado ate 264 desafios) — enumeracao completa, filtrada por torax/esofago/OAR/radioterapia",Grand Challenge,https://grand-challenge.org/api/v1/challenges/?limit=50,2026-09-06,,consulta registrada,,ARM 3 — Fase 20 — datasets de segmentacao toracica com esofa
"Codabench API GET https://www.codabench.org/api/competitions/public/?search={esophagus,thoracic,organ at risk,radiotherapy} — count=0 em todas, inclusive termos genericos (endpoint suspeito)",outra,https://www.codabench.org/api/competitions/public/?search={esophagus,2026-09-06,,consulta registrada,,ARM 3 — Fase 20 — datasets de segmentacao toracica com esofa
"arXiv API GET https://export.arxiv.org/api/query?search_query=all:""esophagus segmentation""&sortBy=submittedDate — 1 resultado (2020)",arXiv,https://export.arxiv.org/api/query?search_query=all:,2026-09-06,,consulta registrada,,ARM 3 — Fase 20 — datasets de segmentacao toracica com esofa
"arXiv API GET http://export.arxiv.org/api/query?search_query=all:""thoracic organs at risk"" — resposta vazia via http (falha)",arXiv,http://export.arxiv.org/api/query?search_query=all:,2026-09-06,,consulta registrada,,ARM 3 — Fase 20 — datasets de segmentacao toracica com esofa
Dryad API GET https://datadryad.org/api/v2/search?q=esophagus segmentation CT — count 0,Dryad,https://datadryad.org/api/v2/search?q=esophagus,2026-09-06,,consulta registrada,,ARM 3 — Fase 20 — datasets de segmentacao toracica com esofa
OSF API GET https://api.osf.io/v2/nodes/?filter[title]=esophagus — resposta nao-JSON (falha),OSF,https://api.osf.io/v2/nodes/?filter[title,2026-09-06,,consulta registrada,,ARM 3 — Fase 20 — datasets de segmentacao toracica com esofa
TCIA GET https://services.cancerimagingarchive.net/nbia-api/services/v2/getCollectionDescriptions — HTTP 500 / 404,TCIA,https://services.cancerimagingarchive.net/nbia-api/services/v2/getCollectionDescriptions,2026-09-06,,consulta registrada,,ARM 3 — Fase 20 — datasets de segmentacao toracica com esofa
TCIA GET https://www.cancerimagingarchive.net/wp-json/wp/v2/collections?per_page=100&orderby=date — HTTP 404,TCIA,https://www.cancerimagingarchive.net/wp-json/wp/v2/collections?per_page=100&orderby=date,2026-09-06,,consulta registrada,,ARM 3 — Fase 20 — datasets de segmentacao toracica com esofa
TCIA GET https://www.cancerimagingarchive.net/wp-json/tcia/v1/collections — HTTP 404,TCIA,https://www.cancerimagingarchive.net/wp-json/tcia/v1/collections,2026-09-06,,consulta registrada,,ARM 3 — Fase 20 — datasets de segmentacao toracica com esofa
ScienceDB GET https://www.scidb.cn/api/sdb/dataset/getDatasetDetail?dataSetId=73d1132fd17d41ebb144063c7d3156ca — HTTP 404 (idem para 3ebf627d...),outra,https://www.scidb.cn/api/sdb/dataset/getDatasetDetail?dataSetId=73d1132fd17d41ebb144063c7d3156ca,2026-09-06,,consulta registrada,,ARM 3 — Fase 20 — datasets de segmentacao toracica com esofa
WebFetch https://www.scidb.cn/en/detail?dataSetId=73d1132fd17d41ebb144063c7d3156ca — so o titulo (pagina JS),outra,https://www.scidb.cn/en/detail?dataSetId=73d1132fd17d41ebb144063c7d3156ca,2026-09-06,,consulta registrada,,ARM 3 — Fase 20 — datasets de segmentacao toracica com esofa
WebFetch https://www.scidb.cn/detail?dataSetId=73d1132fd17d41ebb144063c7d3156ca — timeout 60s,outra,https://www.scidb.cn/detail?dataSetId=73d1132fd17d41ebb144063c7d3156ca,2026-09-06,,consulta registrada,,ARM 3 — Fase 20 — datasets de segmentacao toracica com esofa
WebFetch https://www.scidb.cn/en/detail?dataSetId=3ebf627d58df4344b92a6130bf57e3e6 — so o titulo,outra,https://www.scidb.cn/en/detail?dataSetId=3ebf627d58df4344b92a6130bf57e3e6,2026-09-06,,consulta registrada,,ARM 3 — Fase 20 — datasets de segmentacao toracica com esofa
WebFetch https://www.scidb.cn/en/detail?dataSetId=aa13339e4073424083af0b2c0f2cabe8 — so o titulo,outra,https://www.scidb.cn/en/detail?dataSetId=aa13339e4073424083af0b2c0f2cabe8,2026-09-06,,consulta registrada,,ARM 3 — Fase 20 — datasets de segmentacao toracica com esofa
WebFetch https://zenodo.org/records/19347848 — metadados do DoseRAD2026,Zenodo,https://zenodo.org/records/19347848,2026-09-06,,consulta registrada,,ARM 3 — Fase 20 — datasets de segmentacao toracica com esofa
WebFetch https://arxiv.org/abs/2604.12778 — resumo do DoseRAD2026,arXiv,https://arxiv.org/abs/2604.12778,2026-09-06,,consulta registrada,,ARM 3 — Fase 20 — datasets de segmentacao toracica com esofa
WebFetch https://zenodo.org/records/22127730 — lista de arquivos do STOPSTORM,Zenodo,https://zenodo.org/records/22127730,2026-09-06,,consulta registrada,,ARM 3 — Fase 20 — datasets de segmentacao toracica com esofa
WebFetch https://zenodo.org/records/22127730/files/Stopstorm_Critical_Structures_Contouring_Zenodo.pdf — HTTP 404,Zenodo,https://zenodo.org/records/22127730/files/Stopstorm_Critical_Structures_Contouring_Zenodo.pdf,2026-09-06,,consulta registrada,,ARM 3 — Fase 20 — datasets de segmentacao toracica com esofa
"WebFetch https://www.nature.com/articles/s41597-026-06597-6 — redirecionamento para IdP, nao seguido",outra,https://www.nature.com/articles/s41597-026-06597-6,2026-09-06,,consulta registrada,,ARM 3 — Fase 20 — datasets de segmentacao toracica com esofa
WebFetch https://pmc.ncbi.nlm.nih.gov/?term=10.1038/s41597-026-07218-y — devolveu a home do PMC,PubMed,https://pmc.ncbi.nlm.nih.gov/?term=10.1038/s41597-026-07218-y,2026-09-06,,consulta registrada,,ARM 3 — Fase 20 — datasets de segmentacao toracica com esofa
"WebSearch: ""2025 public dataset esophagus segmentation CT organs at risk thoracic radiotherapy released""",outra,,2026-09-06,,consulta registrada,,ARM 3 — Fase 20 — datasets de segmentacao toracica com esofa
"WebSearch: ""Grand Challenge 2026 segmentation challenge thoracic esophagus organs at risk CT dataset""",Grand Challenge,,2026-09-06,,consulta registrada,,ARM 3 — Fase 20 — datasets de segmentacao toracica com esofa
"WebSearch: ""TCIA new collection 2026 radiotherapy RTSTRUCT esophagus thoracic released cancerimagingarchive""",TCIA,,2026-09-06,,consulta registrada,,ARM 3 — Fase 20 — datasets de segmentacao toracica com esofa
"WebSearch: ""scidb"" OR ""Science Data Bank"" esophagus segmentation nnU-Net dataset Nanjing Medical University 2026 download",outra,,2026-09-06,,consulta registrada,,ARM 3 — Fase 20 — datasets de segmentacao toracica com esofa
"WebSearch: new public CT dataset 2026 released expert manual contours esophagus heart lung radiotherapy ""data availability"" Zenodo",Zenodo,,2026-09-06,,consulta registrada,,ARM 3 — Fase 20 — datasets de segmentacao toracica com esofa
WebSearch: MICCAI 2025 challenge dataset organs at risk esophagus CT segmentation new public release,outra,,2026-09-06,,consulta registrada,,ARM 3 — Fase 20 — datasets de segmentacao toracica com esofa
WebSearch: SynthRAD2025 dataset thorax masks organs at risk license Zenodo DICOM NIfTI,Zenodo,,2026-09-06,,consulta registrada,,ARM 3 — Fase 20 — datasets de segmentacao toracica com esofa
"WebSearch: PhysioNet OR MIDRC OR ""Stanford AIMI"" 2025 2026 new chest CT segmentation dataset organs esophagus open access",PhysioNet,,2026-09-06,,consulta registrada,,ARM 3 — Fase 20 — datasets de segmentacao toracica com esofa
WebSearch: grand-challenge.org 2026 new challenge CT thoracic segmentation esophagus OR mediastinum dataset training data,Grand Challenge,,2026-09-06,,consulta registrada,,ARM 3 — Fase 20 — datasets de segmentacao toracica com esofa
"WebSearch: ""esophagus"" CT segmentation dataset 2026 publicly available DICOM RTSTRUCT expert contours new release repository",outra,,2026-09-06,,consulta registrada,,ARM 3 — Fase 20 — datasets de segmentacao toracica com esofa
"pydicom 3.0.1 local: leitura dos 3 RTSTRUCT do STOPSTORM (ROIName, ROIGenerationAlgorithm, RTROIInterpretedType, StudyInstanceUID, SeriesInstanceUID, ReferencedFrameOfReferenceSequence, z-range por ROI)",outra,,2026-09-06,,consulta registrada,,ARM 3 — Fase 20 — datasets de segmentacao toracica com esofa
,Zenodo,https://doi.org/10.5281/zenodo.22127730,2026-09-06,STOPSTORM Benchmark Data (Critical Structures Contouring + Treatment Planning Benchmark),"licenca=CC BY 4.0 (cc-by-4.0), declarada no regi | identidade=StudyInstanceUID e SeriesInstanceUID pre | humano=SIM — verificado no arquivo: ROIGenerati",B,"Unico achado 2025-2026 que fecha simultaneamente: licenca permissiva verificada (CC BY 4.0), acesso aberto sem conta nem termo, mascara de esofago DESENHADA POR HUMANO confirmada no proprio DICOM (ROI"
,web,https://www.scidb.cn/detail?dataSetId=aa13339e4073424083af0b2c0f2cabe8,2026-09-06,ESLS26 / ASLS26 — 'Lung tumor CT segmentation dataset' (Science Data Bank),"licenca=CC0 1.0 Universal (cc0-1.0), declarada n | identidade=DICOM (RTSTRUCT + CT) — logo, em princip | humano=SIM para o GTV: ESLS26 segmentado por ra",C,NAO tem mascara de esofago — so GTV de tumor pulmonar — entao nao entra como ground truth do alvo. Mas e o unico achado 2025-2026 que combina CC0 1.0 + DICOM com UIDs + RTSTRUCT + CT toracico em volum
,web,https://www.scidb.cn/en/detail?dataSetId=73d1132fd17d41ebb144063c7d3156ca,2026-09-06,"ScienceDB 27733 — nnU-Net esophagus/ESCC weights + inference software (Wang Hao, Nanjing Medical Univ.)",licenca=CC BY-NC 4.0 — nao-comercial | identidade=N/A (nao ha imagens confirmadas) | humano=O GT humano descrito no estudo foi desen,F,Nao e conjunto de imagens: o titulo indexado em ingles descreve pesos de modelo e software de inferencia. Cai na recusa dura do VRmed (saida de modelo nao e ground truth) e a licenca CC BY-NC 4.0 excl
,web,https://www.scidb.cn/detail?dataSetId=3ebf627d58df4344b92a6130bf57e3e6,2026-09-06,ScienceDB 35531 — 3D nnU-Net com rotulagem guiada por CT de duplo detector vs TotalSegmentator,licenca=CC BY-NC 4.0 — nao-comercial | identidade=UNKNOWN | humano=UNKNOWN. O estudo descreve GT manual sob,D,"Conteudo do unico arquivo (459 MB) NAO VERIFICAVEL: a pagina do scidb.cn e renderizada por JavaScript e a API de detalhe retorna 404. Nao sei se ha imagens, mascaras ou so pesos. Licenca CC BY-NC 4.0 "
,Zenodo,https://zenodo.org/records/14918089,2026-09-06,SynthRAD2025 Grand Challenge dataset,"licenca=CC BY-NC 4.0 (centros A, B, C, E); centr | identidade=case_id + sha256 apenas (.mha nao carreg | humano=N/A — nao ha contorno de orgao a avaliar",E,"Sem OAR: a unica mascara por paciente e o contorno externo do corpo. Formato .mha, portanto sem StudyInstanceUID/SeriesInstanceUID (so 2 das 4 identidades). Licenca CC BY-NC 4.0 para os centros A/B/C/"
,Zenodo,https://zenodo.org/records/19347848,2026-09-06,DoseRAD2026 Challenge dataset,licenca=CC BY-NC 4.0 | identidade=case_id + sha256 apenas (.mha) | humano=Nao documentada; nenhuma estrutura de OA,F,"E derivado do SynthRAD2025 (mesmas imagens), distribuido em .mha, sob CC BY-NC 4.0, e nem a pagina Zenodo nem o resumo do arXiv mencionam contorno de OAR ou esofago. Herda todos os defeitos do SynthRA"
,web,https://www.nature.com/articles/s41597-026-07218-y,2026-09-06,ENHANCE — whole-/total-body [18F]FDG-PET/CT com segmentacoes derivadas da CT,licenca=CC BY (variante exata nao confirmada) | identidade=case_id + sha256 (NIfTI anonimizado); st | humano=UNKNOWN — provavelmente NAO (ver acima),D,"1.683 PET/CT com 'CT-derived segmentations of 130 target regions' em NIfTI, CC BY. 130 regioes nessa escala e assinatura de pipeline automatico, o que dispararia a recusa dura do VRmed (gt_humano=Fals"
